filecode,Symbol,Trade_Time,Underlying,Expiry,Strike,O_Type,Xchange,Q,Price,C_Price,Proceeds,CommTax,Basis,Realized_PL,MTM_PL,Codes,TotalQ,bkrType,yr,inputLine,SecType
60518S,AXL 21JAN12 11.0 C,1/3/2012 13:26,AXL,2012-01-21 00:00:00,11.00,C,-,-8,0.25,0.23278,200,-4.2,-195.8,0,13.78,O,-8,order,12,1,O
60518S,AXL 18FEB12 12.0 C,1/3/2012 13:51,AXL,2012-02-18 00:00:00,12.00,C,-,-5,0.3,0.264196,150,-3.63,-146.37,0,17.9,O,-5,order,12,2,O
60518S,AXL,1/5/2012 11:27,AXL,,,,-,300,10.929967,11.12,-3278.99,-1.41,3280.4,0,57.01,P;O,300,order,12,3,S
60518S,ASH 18FEB12 70.0 C,1/9/2012 14:36,ASH,2012-02-18 00:00:00,70.00,C,-,-8,0.25,0.183315,200,-5.8,-194.2,0,53.35,O,-8,order,12,4,O
60518S,ASH 18FEB12 70.0 C,1/9/2012 14:43,ASH,2012-02-18 00:00:00,70.00,C,-,-8,0.25,0.183315,200,-5.8,-194.2,0,53.35,O,-8,order,12,5,O
60518S,CALX,1/13/2012 15:53,CALX,,,,-,600,7,6.99,-4200,-1.32,4201.32,0,-6,P;O,600,order,12,6,S
60518S,C 18FEB12 26.0 P,1/17/2012 12:49,C,2012-02-18 00:00:00,26.00,P,-,-10,0.62,0.724006,620,-7.26,-612.74,0,-104.01,O,-10,order,12,7,O
60518S,AAPL 18FEB12 420.0 P,1/18/2012 13:31,AAPL,2012-02-18 00:00:00,420.00,P,-,5,11.342,10.644308,-5671,-3.62,5674.62,0,-348.85,P;O,5,order,12,8,O
60518S,AAPL 18FEB12 415.0 P,1/18/2012 13:31,AAPL,2012-02-18 00:00:00,415.00,P,-,-5,9.512,8.966384,4756,-3.71,-4752.29,0,272.81,P;O,-5,order,12,9,O
60518S,AAPL 18FEB12 440.0 C,1/18/2012 13:31,AAPL,2012-02-18 00:00:00,440.00,C,-,-5,9.54,9.719951,4770,-3.71,-4766.29,0,-89.98,P;O,-5,order,12,10,O
60518S,AAPL 18FEB12 435.0 C,1/18/2012 13:31,AAPL,2012-02-18 00:00:00,435.00,C,-,5,11.71,11.852339,-5855,-3.62,5858.62,0,71.17,P;O,5,order,12,11,O
60518S,CALX,1/18/2012 15:11,CALX,,,,-,-600,7.35,7.51,4410,-1.41,-4201.32,207.27,-96,P;ML;C,-600,order,12,12,S
60518S,AMZN 18FEB12 180.0 P,1/19/2012 10:10,AMZN,2012-02-18 00:00:00,180.00,P,-,6,4.768333,4.136601,-2861,-4.35,2865.35,0,-379.04,P;O,6,order,12,13,O
60518S,AMZN 18FEB12 175.0 P,1/19/2012 10:10,AMZN,2012-02-18 00:00:00,175.00,P,-,-6,3.415,2.901676,2049,-4.39,-2044.61,0,307.99,P;O,-6,order,12,14,O
60518S,AMZN 18FEB12 205.0 C,1/19/2012 10:10,AMZN,2012-02-18 00:00:00,205.00,C,-,-6,5.426667,5.368161,3256,-4.41,-3251.59,0,35.1,P;O,-6,order,12,15,O
60518S,AMZN 18FEB12 200.0 C,1/19/2012 10:10,AMZN,2012-02-18 00:00:00,200.00,C,-,6,7.173333,7.178922,-4304,-4.35,4308.35,0,3.35,P;O,6,order,12,16,O
60518S,BJRI 18FEB12 45.0 C,1/19/2012 13:41,BJRI,2012-02-18 00:00:00,45.00,C,-,-2,2.05,1.628622,410,-1.46,-408.54,0,84.28,O,-2,order,12,17,O
60518S,AXL,1/20/2012 12:54,AXL,,,,-,800,11.29,11.31,-9032,-3.76,9035.76,0,16,P;O,800,order,12,18,S
60518S,BRCM 18FEB12 33.0 P,1/20/2012 15:10,BRCM,2012-02-18 00:00:00,33.00,P,-,22,0.86,0.746927,-1892,-9.65,1901.65,0,-248.76,P;O,22,order,12,19,O
60518S,BRCM 18FEB12 32.0 P,1/20/2012 15:10,BRCM,2012-02-18 00:00:00,32.00,P,-,-22,0.606364,0.50195,1334,-9.67,-1324.33,0,229.71,P;O,-22,order,12,20,O
60518S,BRCM 18FEB12 38.0 C,1/20/2012 15:10,BRCM,2012-02-18 00:00:00,38.00,C,-,-22,0.415455,0.453751,914,-9.67,-904.33,0,-84.25,P;O,-22,order,12,21,O
60518S,BRCM 18FEB12 37.0 C,1/20/2012 15:10,BRCM,2012-02-18 00:00:00,37.00,C,-,22,0.661818,0.692232,-1456,-9.65,1465.65,0,66.91,P;O,22,order,12,22,O
60518S,BSDM 21JAN12 5.0 C,1/20/2012 16:20,BSDM,2012-01-21 00:00:00,5.00,C,-,-47,0,0,0,0,-259.56,-259.56,0,Ep;C,-47,order,12,23,O
60518S,BAC 21JAN12 4.0 P,1/20/2012 16:20,BAC,2012-01-21 00:00:00,4.00,P,-,19,0,0,0,0,161.07,161.07,0,Ep;C,19,order,12,24,O
60518S,AXL 21JAN12 11.0 C,1/20/2012 16:20,AXL,2012-01-21 00:00:00,11.00,C,-,8,0,0.31,0,0,195.8,0,248,A;C,8,order,12,25,O
60518S,ALSK 21JAN12 5.0 P,1/20/2012 16:20,ALSK,2012-01-21 00:00:00,5.00,P,-,24,0,2.15,0,0,4024.98,0,5160,A;C,24,order,12,26,O
60518S,AXL,1/20/2012 16:20,AXL,,,,-,-800,11,11.31,8800,-0.17,-9035.76,-40.13,-248,A;ML;C,-800,order,12,27,S
60518S,ALSK,1/20/2012 16:20,ALSK,,,,-,2400,5,2.85,-12000,0,12000,0,-5160,A;O,2400,order,12,28,S
60518S,ABT 18FEB12 55.0 P,1/24/2012 10:53,ABT,2012-02-18 00:00:00,55.00,P,-,7,0.45,0.435461,-315,-5.07,320.07,0,-10.18,P;O,7,order,12,29,O
60518S,ABT 18FEB12 55.0 C,1/24/2012 10:53,ABT,2012-02-18 00:00:00,55.00,C,-,7,1.3,1.232166,-910,-5.07,915.07,0,-47.48,P;O,7,order,12,30,O
60518S,BA 18FEB12 75.0 P,1/24/2012 11:26,BA,2012-02-18 00:00:00,75.00,P,-,8,1.9825,1.95173,-1586,-6.16,1592.16,0,-24.62,P;O,8,order,12,31,O
60518S,BA 18FEB12 75.0 C,1/24/2012 11:26,BA,2012-02-18 00:00:00,75.00,C,-,8,2.0175,2.091948,-1614,-6.16,1620.16,0,59.56,P;O,8,order,12,32,O
60518S,BVSN,1/24/2012 13:11,BVSN,,,,-,-267,42.6,33.99,11374.2,-0.62,-3439.81,7933.77,2298.87,P;ML;C,-267,order,12,33,S
60518S,BVSN,1/24/2012 13:15,BVSN,,,,-,-100,43.3,33.99,4330,-0.58,-1262.8,3066.61,931,P;ML;C,-100,order,12,34,S
60518S,BVSN,1/24/2012 13:16,BVSN,,,,-,-200,43.49,33.99,8698,-0.47,-2524.29,6173.25,1900,ML;C,-200,order,12,35,S
60518S,ABT 18FEB12 55.0 P,1/24/2012 15:03,ABT,2012-02-18 00:00:00,55.00,P,-,-7,0.478571,0.435461,335,-3.6,-320.07,11.33,30.18,P;ML;C,-7,order,12,36,O
60518S,ABT 18FEB12 55.0 C,1/24/2012 15:03,ABT,2012-02-18 00:00:00,55.00,C,-,-7,1.322857,1.232166,926,-3.61,-915.07,7.32,63.48,P;ML;C,-7,order,12,37,O
60518S,AAPL 18FEB12 420.0 P,1/24/2012 15:20,AAPL,2012-02-18 00:00:00,420.00,P,-,-5,14.1,14.259327,7050,-3.76,-5674.62,1371.62,-79.66,ML;C,-5,order,12,38,O
60518S,AAPL 18FEB12 435.0 C,1/24/2012 15:20,AAPL,2012-02-18 00:00:00,435.00,C,-,-5,9.2,7.869228,4600,-3.71,-5858.62,-1262.33,665.39,ML;C,-5,order,12,39,O
60518S,AAPL 18FEB12 440.0 C,1/24/2012 15:21,AAPL,2012-02-18 00:00:00,440.00,C,-,5,7.3,6.323467,-3650,-1.52,4766.29,1114.76,-488.27,P;ML;C,5,order,12,40,O
60518S,AAPL 18FEB12 415.0 P,1/24/2012 15:23,AAPL,2012-02-18 00:00:00,415.00,P,-,5,11.75,11.964689,-5875,-3.62,4752.29,-1126.34,107.34,ML;C,5,order,12,41,O
60518S,BA 18FEB12 75.0 C,1/24/2012 15:23,BA,2012-02-18 00:00:00,75.00,C,-,-8,2.02,2.091948,1616,-2.47,-1620.16,-6.62,-57.56,ML;C,-8,order,12,42,O
60518S,BA 18FEB12 75.0 P,1/24/2012 15:41,BA,2012-02-18 00:00:00,75.00,P,-,-8,1.99,1.95173,1592,-5.83,-1592.16,-5.98,30.62,ML;C,-8,order,12,43,O
60518S,AAPL 18JAN14 400.0 C,1/27/2012 15:04,AAPL,2014-01-18 00:00:00,400.00,C,-,-2,100.45,101.665002,20090,-0.99,-17061.44,3027.56,-243,ML;C,-2,order,12,44,O
60518S,AAPL 19JAN13 350.0 P,1/27/2012 15:41,AAPL,2013-01-19 00:00:00,350.00,P,-,2,16.35,16.375726,-3270,-1.45,9549.13,6277.68,5.15,ML;C,2,order,12,45,O
60518S,AAPL 19JAN13 350.0 P,1/27/2012 15:58,AAPL,2013-01-19 00:00:00,350.00,P,-,2,16.25,16.375726,-3250,-0.61,9549.13,6298.52,25.15,ML;C,2,order,12,46,O
60518S,BRCM 18FEB12 33.0 P,1/31/2012 13:50,BRCM,2012-02-18 00:00:00,33.00,P,-,-22,0.78,0.951944,1716,-15.97,-1901.65,-201.62,-378.28,P;ML;C,-22,order,12,47,O
60518S,BRCM 18FEB12 38.0 C,1/31/2012 13:50,BRCM,2012-02-18 00:00:00,38.00,C,-,22,0.33,0.252853,-726,-15.94,904.33,162.39,-169.72,P;ML;C,22,order,12,48,O
60518S,AMZN 18FEB12 180.0 P,1/31/2012 15:03,AMZN,2012-02-18 00:00:00,180.00,P,-,-6,5.378333,5.00412,3227,-2.56,-2865.35,359.09,224.53,P;ML;C,-6,order,12,49,O
60518S,AMZN 18FEB12 175.0 P,1/31/2012 15:03,AMZN,2012-02-18 00:00:00,175.00,P,-,6,3.87,3.638814,-2322,-2.5,2044.61,-279.88,-138.71,P;ML;C,6,order,12,50,O
60518S,AMZN 18FEB12 205.0 C,1/31/2012 15:03,AMZN,2012-02-18 00:00:00,205.00,C,-,6,5.716667,6.724154,-3430,-2.5,3251.59,-180.91,604.49,P;ML;C,6,order,12,51,O
60518S,AMZN 18FEB12 200.0 C,1/31/2012 15:03,AMZN,2012-02-18 00:00:00,200.00,C,-,-6,7.508333,8.643512,4505,-2.58,-4308.35,194.07,-681.11,P;ML;C,-6,order,12,52,O
60518S,BRCM 18FEB12 37.0 C,2/1/2012 10:39,BRCM,2012-02-18 00:00:00,37.00,C,-,-11,0.66,0.955422,726,-7.98,-740.9,-22.88,-324.96,ML;C,-11,order,12,53,O
60518S,BRCM 18FEB12 37.0 C,2/1/2012 10:45,BRCM,2012-02-18 00:00:00,37.00,C,-,-11,0.7,0.955422,770,-7.98,-724.75,37.27,-280.96,ML;C,-11,order,12,54,O
60518S,C 19JAN13 40.0 P,2/1/2012 13:39,C,2013-01-19 00:00:00,40.00,P,-,2,10,10.372523,-2000,-1.45,1149.06,-852.39,74.5,ML;C,2,order,12,55,O
60518S,AMZN 18JAN14 280.0 C,2/1/2012 13:52,AMZN,2014-01-18 00:00:00,280.00,C,-,1,9.55,9.596475,-955,-0.6,4769.27,3813.66,4.65,ML;C,1,order,12,56,O
60518S,LNKD 18FEB12 87.5 C,2/2/2012 11:53,LNKD,2012-02-18 00:00:00,87.50,C,-,-4,1.2,1.158909,480,-1.31,-478.69,0,16.44,O,-4,order,12,57,O
60518S,BAC,2/2/2012 15:23,BAC,,,,-,-1300,7.42,7.45,9646,-3.05,-15281.86,-5638.91,-39,ML;C,-1300,order,12,58,S
60518S,LNKD,2/2/2012 16:05,LNKD,,,,-,-200,76.98,76.98,15396,-1.21,-15394.79,0,0,O,-200,order,12,59,S
60518S,AFL,2/3/2012 11:23,AFL,,,,-,-100,50.12,49.98,5012,-0.67,-4540.22,471.11,14,ML;C,-100,order,12,60,S
60518S,LNKD 18FEB12 90.0 C,2/3/2012 12:59,LNKD,2012-02-18 00:00:00,90.00,C,-,-3,1.35,1.301774,405,-0.98,-404.02,0,14.47,O,-3,order,12,61,O
60518S,CAT 19JAN13 110.0 P,2/3/2012 13:02,CAT,2013-01-19 00:00:00,110.00,P,-,5,12.65,12.453817,-6325,-3.62,8448.23,2119.6,-98.09,ML;C,5,order,12,62,O
60518S,ALXN,2/3/2012 15:32,ALXN,,,,-,200,78.7,78.875,-15740,-1.34,15741.34,0,35,P;O,200,order,12,63,S
60518S,C,2/3/2012 15:45,C,,,,-,-100,33.31,33.54,3331,-0.63,-3004.22,326.15,-23,ML;C,-100,order,12,64,S
60518S,BIDU 19JAN13 180.0 C,2/8/2012 14:56,BIDU,2013-01-19 00:00:00,180.00,C,-,1,7.3,7.345872,-730,-0.6,1919.32,1188.72,4.59,ML;C,1,order,12,65,O
60518S,APRI,2/9/2012 13:14,APRI,,,,-,2500,3.82,3.78,-9550,-16.57,9566.57,0,-100,P;O,2500,order,12,66,S
60518S,AKAM 19JAN13 35.0 P,2/9/2012 15:14,AKAM,2013-01-19 00:00:00,35.00,P,-,4,4.55,4.574978,-1820,-2.9,2872.91,1050.01,9.99,ML;C,4,order,12,67,O
60518S,LNKD,2/9/2012 15:52,LNKD,,,,-,200,76.25,76.39,-15250,-0.44,15394.79,144.35,28,ML;C,200,order,12,68,S
60518S,LNKD 18FEB12 90.0 C,2/9/2012 15:56,LNKD,2012-02-18 00:00:00,90.00,C,-,-4,0.95,0.93168,380,-1.31,-378.69,0,7.33,P;O,-4,order,12,69,O
60518S,LNKD 17MAR12 85.0 P,2/10/2012 11:47,LNKD,2012-03-17 00:00:00,85.00,P,-,-5,4.7,4.775266,2350,-1.67,-2348.33,0,-37.63,O,-5,order,12,70,O
60518S,LNKD 17MAR12 85.0 P,2/10/2012 11:48,LNKD,2012-03-17 00:00:00,85.00,P,-,-4,4.8,4.775266,1920,-1.33,-1918.67,0,9.89,O,-4,order,12,71,O
60518S,AKAM 19JAN13 35.0 P,2/10/2012 12:21,AKAM,2013-01-19 00:00:00,35.00,P,-,2,4.5,4.609758,-900,-0.61,1436.46,535.85,21.95,ML;C,2,order,12,72,O
60518S,AKAM 19JAN13 35.0 P,2/10/2012 12:35,AKAM,2013-01-19 00:00:00,35.00,P,-,4,4.45,4.609758,-1780,-1.22,2872.91,1091.69,63.9,ML;C,4,order,12,73,O
60518S,AXL 21APR12 12.0 C,2/10/2012 13:37,AXL,2012-04-21 00:00:00,12.00,C,-,4,1,1.038912,-400,-1.3,138.31,-262.99,15.56,ML;C,4,order,12,74,O
60518S,BJRI 18FEB12 50.0 P,2/10/2012 14:21,BJRI,2012-02-18 00:00:00,50.00,P,-,-2,0.55,0.574971,110,-1.45,-108.55,0,-4.99,O,-2,order,12,75,O
60518S,AAPL 17MAR12 535.0 C,2/14/2012 12:56,AAPL,2012-03-17 00:00:00,535.00,C,-,-2,6.35,7.970171,1270,-1.47,-1268.53,0,-324.03,O,-2,order,12,76,O
60518S,CAR 18FEB12 15.0 C,2/15/2012 12:44,CAR,2012-02-18 00:00:00,15.00,C,-,-6,0.475,0.373341,285,-4.35,-280.65,0,61,P;O,-6,order,12,77,O
60518S,CAR,2/15/2012 12:44,CAR,,,,-,600,14.685,14.59,-8811,-2.82,8813.82,0,-57,O,600,order,12,78,S
60518S,CAR 17MAR12 12.0 P,2/16/2012 10:58,CAR,2012-03-17 00:00:00,12.00,P,-,-4,0.7,0.585829,280,-1.14,-278.86,0,45.67,O,-4,order,12,79,O
60518S,ASYS 19MAY12 7.5 P,2/16/2012 14:15,ASYS,2012-05-19 00:00:00,7.50,P,-,-9,0.55,0.551902,495,-6.53,-488.47,0,-1.71,O,-9,order,12,80,O
60518S,CAR 17MAR12 12.0 P,2/16/2012 14:48,CAR,2012-03-17 00:00:00,12.00,P,-,-6,0.7,0.585829,420,-4.36,-415.64,0,68.5,O,-6,order,12,81,O
60518S,LNKD 18FEB12 90.0 C,2/17/2012 16:20,LNKD,2012-02-18 00:00:00,90.00,C,-,7,0,3.05,0,0,782.71,0,2135,A;C,7,order,12,82,O
60518S,LNKD 18FEB12 87.5 C,2/17/2012 16:20,LNKD,2012-02-18 00:00:00,87.50,C,-,4,0,5.55,0,0,478.69,0,2220,A;C,4,order,12,83,O
60518S,LNKD 18FEB12 85.0 C,2/17/2012 16:20,LNKD,2012-02-18 00:00:00,85.00,C,-,6,0,8.05,0,0,1227.86,0,4830,A;C,6,order,12,84,O
60518S,CAR 18FEB12 15.0 C,2/17/2012 16:20,CAR,2012-02-18 00:00:00,15.00,C,-,6,0,0,0,0,280.65,280.65,0,Ep;C,6,order,12,85,O
60518S,C 18FEB12 26.0 P,2/17/2012 16:20,C,2012-02-18 00:00:00,26.00,P,-,10,0,0,0,0,612.74,612.74,0,Ep;C,10,order,12,86,O
60518S,BRCM 18FEB12 32.0 P,2/17/2012 16:20,BRCM,2012-02-18 00:00:00,32.00,P,-,22,0,0,0,0,1324.33,1324.33,0,Ep;C,22,order,12,87,O
60518S,BJRI 18FEB12 50.0 P,2/17/2012 16:20,BJRI,2012-02-18 00:00:00,50.00,P,-,2,0,0,0,0,108.55,108.55,0,Ep;C,2,order,12,88,O
60518S,BJRI 18FEB12 45.0 C,2/17/2012 16:20,BJRI,2012-02-18 00:00:00,45.00,C,-,2,0,7.08,0,0,408.54,0,1416,A;C,2,order,12,89,O
60518S,AXL 18FEB12 12.0 C,2/17/2012 16:20,AXL,2012-02-18 00:00:00,12.00,C,-,5,0,0.85,0,0,146.37,0,425,A;C,5,order,12,90,O
60518S,ASH 18FEB12 70.0 C,2/17/2012 16:20,ASH,2012-02-18 00:00:00,70.00,C,-,16,0,0,0,0,388.4,388.4,0,Ep;C,16,order,12,91,O
60518S,LNKD,2/17/2012 16:20,LNKD,,,,-,-700,90,93.05,63000,-1.13,-62998.87,0,-2135,A;O,-700,order,12,92,S
60518S,LNKD,2/17/2012 16:20,LNKD,,,,-,-400,87.5,93.05,35000,-0.63,-34999.37,0,-2220,A;O,-400,order,12,93,S
60518S,LNKD,2/17/2012 16:20,LNKD,,,,-,-600,85,93.05,51000,-0.92,-50999.08,0,-4830,A;O,-600,order,12,94,S
60518S,BJRI,2/17/2012 16:20,BJRI,,,,-,-200,45,52.08,9000,-0.16,-8999.84,0,-1416,A;O,-200,order,12,95,S
60518S,AXL,2/17/2012 16:20,AXL,,,,-,-500,12,12.85,6000,-0.11,-5230.09,916.17,-425,A;ML;C,-500,order,12,96,S
60518S,ANR 17MAR12 19.0 P,2/21/2012 11:42,ANR,2012-03-17 00:00:00,19.00,P,-,-10,0.74,0.808249,740,-3.06,-736.94,0,-68.25,O,-10,order,12,97,O
60518S,BRCD 18JAN14 5.0 P,2/21/2012 15:50,BRCD,2014-01-18 00:00:00,5.00,P,-,-8,1,0.980053,800,-2.45,-797.55,0,15.96,O,-8,order,12,98,O
60518S,BJRI 21APR12 55.0 C,2/21/2012 15:58,BJRI,2012-04-21 00:00:00,55.00,C,-,-3,1.35,1.381548,405,-2.18,-402.82,0,-9.46,O,-3,order,12,99,O
60518S,LNKD 17MAR12 85.0 P,2/22/2012 14:33,LNKD,2012-03-17 00:00:00,85.00,P,-,-2,2.75,2.542272,550,-0.66,-549.34,0,41.55,O,-2,order,12,100,O
60518S,EUR.JPY,2/24/2012 11:47,EUR.JPY,,,,-,-7602,108.795,0,827059.59,-2.5,,,,,-7602,order,12,101,FX
60518S,LNKD 17MAR12 85.0 P,2/24/2012 15:10,LNKD,2012-03-17 00:00:00,85.00,P,-,-6,2.1,1.962893,1260,-4.37,-1255.63,0,82.26,O,-6,order,12,102,O
60518S,EUR.JPY,2/27/2012 10:18,EUR.JPY,,,,-,40000,107.59,0,-4303600,-2.5,,,,,40000,order,12,103,FX
60518S,AAPL 17MAR12 555.0 C,2/27/2012 15:22,AAPL,2012-03-17 00:00:00,555.00,C,-,-2,2.385,2.561633,477,-1.65,-475.35,0,-35.33,P;O,-2,order,12,104,O
60518S,AAPL 17MAR12 535.0 C,2/27/2012 15:22,AAPL,2012-03-17 00:00:00,535.00,C,-,2,7.67,7.817219,-1534,-1.64,1268.53,-267.11,29.44,P;ML;C,2,order,12,105,O
60518S,EUR.JPY,2/28/2012 15:38,EUR.JPY,,,,-,-20000,108.361,0,2167220,-2.5,,,,,-20000,order,12,106,FX
60518S,AUD.JPY,2/29/2012 9:52,AUD.JPY,,,,-,-8138,87.261,0,710130.02,-2.5,,,,,-8138,order,12,107,FX
60518S,AAPL 17MAR12 570.0 C,3/1/2012 12:45,AAPL,2012-03-17 00:00:00,570.00,C,-,-2,5.3,4.793562,1060,-1.47,-1058.53,0,101.29,P;O,-2,order,12,108,O
60518S,C 17MAR12 35.0 C,3/1/2012 15:50,C,2012-03-17 00:00:00,35.00,C,-,-3,0.5,0.519712,150,-2.18,-147.82,0,-5.91,O,-3,order,12,109,O
60518S,C 09MAR12 35.0 C,3/1/2012 15:50,C,2012-03-09 00:00:00,35.00,C,-,-3,0.27,0.281772,81,-0.91,-80.09,0,-3.53,O,-3,order,12,110,O
60518S,LNKD,3/2/2012 13:24,LNKD,,,,-,200,85.98,87.5,-17196,-0.32,17408.98,212.66,304,ML;C,200,order,12,111,S
60518S,LNKD 17MAR12 85.0 P,3/2/2012 13:27,LNKD,2012-03-17 00:00:00,85.00,P,-,3,2.2,1.865918,-660,-2.17,627.82,-34.36,-100.22,ML;C,3,order,12,112,O
60518S,BJRI 21APR12 45.0 P,3/5/2012 13:50,BJRI,2012-04-21 00:00:00,45.00,P,-,-6,1.05,0.958504,630,-4.36,-625.64,0,54.9,O,-6,order,12,113,O
60518S,LNKD,3/5/2012 14:43,LNKD,,,,-,100,85.98,86.37,-8598,-0.51,8704.49,105.98,39,ML;C,100,order,12,114,S
60518S,LNKD 17MAR12 85.0 P,3/6/2012 10:08,LNKD,2012-03-17 00:00:00,85.00,P,-,2,2.45,1.896702,-490,-1.45,418.54,-72.91,-110.66,ML;C,2,order,12,115,O
60518S,LNKD,3/6/2012 10:09,LNKD,,,,-,200,85,86.44,-17000,-0.94,17408.98,408.04,288,P;ML;C,200,order,12,116,S
60518S,EUR.JPY,3/8/2012 12:50,EUR.JPY,,,,-,-20000,108.16,0,2163200,-2.5,,,,,-20000,order,12,117,FX
60518S,LNKD 21APR12 95.0 C,3/8/2012 14:10,LNKD,2012-04-21 00:00:00,95.00,C,-,-4,3.8,4.101343,1520,-2.93,-1517.07,0,-120.54,P;O,-4,order,12,118,O
60518S,C 09MAR12 35.0 C,3/9/2012 16:20,C,2012-03-09 00:00:00,35.00,C,-,3,0,0,0,0,80.09,80.09,0,Ep;C,3,order,12,119,O
60518S,BJRI 21APR12 55.0 C,3/12/2012 10:40,BJRI,2012-04-21 00:00:00,55.00,C,-,1,0.4,0.370404,-40,-1.02,134.27,93.25,-2.96,ML;C,1,order,12,120,O
60518S,BJRI 21APR12 55.0 C,3/12/2012 10:46,BJRI,2012-04-21 00:00:00,55.00,C,-,2,0.35,0.370404,-70,-1.45,268.55,197.1,4.08,ML;C,2,order,12,121,O
60518S,LNKD 21APR12 85.0 P,3/12/2012 11:44,LNKD,2012-04-21 00:00:00,85.00,P,-,-2,3.2,3.202837,640,-0.66,-639.34,0,-0.57,O,-2,order,12,122,O
60518S,LNKD 17MAR12 85.0 P,3/12/2012 11:45,LNKD,2012-03-17 00:00:00,85.00,P,-,4,0.4,0.309859,-160,-1.3,1228.28,1066.98,-36.06,ML;C,4,order,12,123,O
60518S,LNKD 21APR12 85.0 P,3/12/2012 11:47,LNKD,2012-04-21 00:00:00,85.00,P,-,-2,3.3,3.202837,660,-1.46,-658.54,0,19.43,O,-2,order,12,124,O
60518S,AGO 19JAN13 15.0 P,3/12/2012 14:35,AGO,2013-01-19 00:00:00,15.00,P,-,4,1.75,1.648467,-700,-1.22,1378.58,677.36,-40.61,ML;C,4,order,12,125,O
60518S,AGO 19JAN13 15.0 P,3/12/2012 15:48,AGO,2013-01-19 00:00:00,15.00,P,-,3,1.75,1.648467,-525,-2.17,1033.94,506.76,-30.46,ML;C,3,order,12,126,O
60518S,AAPL 21APR12 630.0 C,3/14/2012 10:46,AAPL,2012-04-21 00:00:00,630.00,C,-,-3,8.6,13.209416,2580,-0.96,-2579.04,0,-1382.82,O,-3,order,12,127,O
60518S,AAPL 21APR12 630.0 C,3/14/2012 11:00,AAPL,2012-04-21 00:00:00,630.00,C,-,-2,9,13.209416,1800,-1.48,-1798.52,0,-841.88,O,-2,order,12,128,O
60518S,AAPL 21APR12 630.0 C,3/14/2012 13:45,AAPL,2012-04-21 00:00:00,630.00,C,-,-2,13.8,13.209416,2760,-0.66,-2759.34,0,118.12,O,-2,order,12,129,O
60518S,C,3/15/2012 14:51,C,,,,-,-100,36.31,36.27,3631,-0.64,-3004.22,626.14,4,ML;C,-100,order,12,130,S
60518S,ALXN,3/15/2012 14:52,ALXN,,,,-,-200,89.49,89.52,17898,-0.56,-15741.34,2156.1,-6,ML;C,-200,order,12,131,S
60518S,AAPL,3/16/2012 15:16,AAPL,,,,-,100,584.61,585.57,-58461,-0.51,58461.51,0,96,O,100,order,12,132,S
60518S,AAPL,3/16/2012 15:18,AAPL,,,,-,100,584.6,585.57,-58460,-0.51,58460.51,0,97,O,100,order,12,133,S
60518S,AAPL,3/16/2012 15:47,AAPL,,,,-,200,584.6,585.57,-116920,-0.32,116920.32,0,194,P;O,200,order,12,134,S
60518S,LNKD 17MAR12 85.0 P,3/16/2012 16:20,LNKD,2012-03-17 00:00:00,85.00,P,-,8,0,0,0,0,3797.33,3797.33,0,Ep;C,8,order,12,135,O
60518S,CAR 17MAR12 12.0 P,3/16/2012 16:20,CAR,2012-03-17 00:00:00,12.00,P,-,10,0,0,0,0,694.5,694.5,0,Ep;C,10,order,12,136,O
60518S,C 17MAR12 35.0 C,3/16/2012 16:20,C,2012-03-17 00:00:00,35.00,C,-,3,0,1.69,0,0,147.82,0,507,A;C,3,order,12,137,O
60518S,ANR 17MAR12 19.0 P,3/16/2012 16:20,ANR,2012-03-17 00:00:00,19.00,P,-,10,0,1.64,0,0,736.94,0,1640,A;C,10,order,12,138,O
60518S,AAPL 17MAR12 570.0 C,3/16/2012 16:20,AAPL,2012-03-17 00:00:00,570.00,C,-,2,0,15.57,0,0,1058.53,0,3114,A;C,2,order,12,139,O
60518S,AAPL 17MAR12 555.0 C,3/16/2012 16:20,AAPL,2012-03-17 00:00:00,555.00,C,-,2,0,30.57,0,0,475.35,0,6114,A;C,2,order,12,140,O
60518S,C,3/16/2012 16:20,C,,,,-,-300,35,36.69,10500,-0.19,-9012.66,1634.97,-507,A;ML;C,-300,order,12,141,S
60518S,ANR,3/16/2012 16:20,ANR,,,,-,1000,19,17.36,-19000,0,19000,0,-1640,A;O,1000,order,12,142,S
60518S,AAPL,3/16/2012 16:20,AAPL,,,,-,-200,570,585.57,114000,-2.05,-122368.99,-7312.51,-3114,A;ML;C,-200,order,12,143,S
60518S,AAPL,3/16/2012 16:20,AAPL,,,,-,-200,555,585.57,111000,-2,-116922.02,0,-6114,A;ML;C,-200,order,12,144,S
60518S,C 19MAY12 41.0 C,3/19/2012 11:18,C,2012-05-19 00:00:00,41.00,C,-,-6,0.83,0.677001,498,-4.36,-493.64,0,91.8,P;O,-6,order,12,145,O
60518S,AAPL 21APR12 640.0 C,3/19/2012 11:21,AAPL,2012-04-21 00:00:00,640.00,C,-,-1,10.55,11.997246,1055,-1.04,-1053.96,0,-144.72,O,-1,order,12,146,O
60518S,AAPL 21APR12 640.0 C,3/19/2012 15:25,AAPL,2012-04-21 00:00:00,640.00,C,-,-1,11.35,11.997246,1135,-1.04,-1133.96,0,-64.72,O,-1,order,12,147,O
60518S,BJRI 21APR12 50.0 C,3/26/2012 15:05,BJRI,2012-04-21 00:00:00,50.00,C,-,-2,2.2,1.948811,440,-1.46,-438.54,0,50.24,O,-2,order,12,148,O
60518S,LNKD 21APR12 85.0 P,3/28/2012 12:43,LNKD,2012-04-21 00:00:00,85.00,P,-,-4,0.45,0.386658,180,-2.9,-177.1,0,25.34,O,-4,order,12,149,O
60518S,BHP 21APR12 70.0 P,3/28/2012 14:11,BHP,2012-04-21 00:00:00,70.00,P,-,-4,2,1.815071,800,-2.91,-797.09,0,73.97,O,-4,order,12,150,O
60518S,AAPL 21APR12 630.0 C,3/30/2012 12:01,AAPL,2012-04-21 00:00:00,630.00,C,-,2,6.4,6.068042,-1280,-1.45,1719.36,437.91,-66.39,ML;C,2,order,12,151,O
60518S,LNKD,4/4/2012 14:07,LNKD,,,,-,100,98.9,99.38,-9890,-0.57,8704.49,-1186.08,48,ML;C,100,order,12,152,S
60518S,AAPL 21APR12 630.0 C,4/4/2012 14:15,AAPL,2012-04-21 00:00:00,630.00,C,-,2,10.25,11.314091,-2050,-0.57,1758.94,0,212.82,ML;C,2,order,12,153,O
60518S,USD.JPY,4/5/2012 12:23,USD.JPY,,,,-,13175,82.32,0,-1084566,-2.5,,,,P,13175,order,12,154,FX
60518S,AUD.USD,4/5/2012 12:27,AUD.USD,,,,-,-285,1.03088,0,293.8,-2.5,,,,,-285,order,12,155,FX
60518S,AAPL 21APR12 650.0 C,4/5/2012 12:34,AAPL,2012-04-21 00:00:00,650.00,C,-,-2,7.75,7.331846,1550,-1.48,-1548.52,0,83.63,O,-2,order,12,156,O
60518S,AUD.USD,4/9/2012 18:01,AUD.USD,,,,-,-0.92,1.0321,0,0.95,0,,,,,-0.92,order,12,157,FX
60518S,USD.JPY,4/9/2012 18:01,USD.JPY,,,,-,3.3329,81.629,0,-272.06,0,,,,,3.3329,order,12,158,FX
60518S,AAPL 21APR12 675.0 C,4/10/2012 10:08,AAPL,2012-04-21 00:00:00,675.00,C,-,-2,3.75,1.846169,750,-1.47,-748.53,0,380.77,O,-2,order,12,159,O
60518S,AMZN 18JAN14 300.0 C,4/10/2012 12:52,AMZN,2014-01-18 00:00:00,300.00,C,-,1,7.9,7.745009,-790,-1.02,2139.32,1348.29,-15.5,ML;C,1,order,12,160,O
60518S,AAPL 21APR12 650.0 C,4/12/2012 14:48,AAPL,2012-04-21 00:00:00,650.00,C,-,-2,2.7,2.745722,540,-1.46,-538.54,0,-9.14,O,-2,order,12,161,O
60518S,AAPL 21APR12 630.0 C,4/12/2012 15:14,AAPL,2012-04-21 00:00:00,630.00,C,-,3,7.95,8.125563,-2385,-2.17,3366.97,979.8,52.67,ML;C,3,order,12,162,O
60518S,LNKD 18JAN14 120.0 C,4/18/2012 14:27,LNKD,2014-01-18 00:00:00,120.00,C,-,-1,19.9,21.357769,1990,-1.07,-1988.93,0,-145.78,O,-1,order,12,163,O
60518S,LNKD 21APR12 85.0 P,4/20/2012 16:20,LNKD,2012-04-21 00:00:00,85.00,P,-,8,0,0,0,0,1474.98,1474.98,0,Ep;C,8,order,12,164,O
60518S,LNKD 21APR12 95.0 C,4/20/2012 16:20,LNKD,2012-04-21 00:00:00,95.00,C,-,4,0,0,0,0,1517.07,0,0,A;C,4,order,12,165,O
60518S,BJRI 21APR12 45.0 P,4/20/2012 16:20,BJRI,2012-04-21 00:00:00,45.00,P,-,6,0,0,0,0,625.64,625.64,0,Ep;C,6,order,12,166,O
60518S,BJRI 21APR12 50.0 C,4/20/2012 16:20,BJRI,2012-04-21 00:00:00,50.00,C,-,2,0,0,0,0,438.54,438.54,0,Ep;C,2,order,12,167,O
60518S,BHP 21APR12 70.0 P,4/20/2012 16:20,BHP,2012-04-21 00:00:00,70.00,P,-,4,0,0,0,0,797.09,797.09,0,Ep;C,4,order,12,168,O
60518S,AXL 21APR12 12.0 C,4/20/2012 16:20,AXL,2012-04-21 00:00:00,12.00,C,-,4,0,0,0,0,138.31,138.31,0,Ep;C,4,order,12,169,O
60518S,AAPL 21APR12 675.0 C,4/20/2012 16:20,AAPL,2012-04-21 00:00:00,675.00,C,-,2,0,0,0,0,748.53,748.53,0,Ep;C,2,order,12,170,O
60518S,AAPL 21APR12 650.0 C,4/20/2012 16:20,AAPL,2012-04-21 00:00:00,650.00,C,-,4,0,0,0,0,2087.06,2087.06,0,Ep;C,4,order,12,171,O
60518S,AAPL 21APR12 640.0 C,4/20/2012 16:20,AAPL,2012-04-21 00:00:00,640.00,C,-,2,0,0,0,0,2187.91,2187.91,0,Ep;C,2,order,12,172,O
60518S,LNKD,4/20/2012 16:20,LNKD,,,,-,-400,95,105.01,38000,-0.85,-37999.15,1186.08,-4004,A;O,-400,order,12,173,S
60518S,LNKD 27APR12 105.0 C,4/23/2012 12:30,LNKD,2012-04-27 00:00:00,105.00,C,-,-2,1.1,0.809272,220,0.05,-220.05,0,58.15,O,-2,order,12,174,O
60518S,LNKD 19MAY12 85.0 P,4/23/2012 12:41,LNKD,2012-05-19 00:00:00,85.00,P,-,-4,2.3,2.42446,920,-2.92,-917.08,0,-49.78,O,-4,order,12,175,O
60518S,LNKD,4/23/2012 13:18,LNKD,,,,-,100,99.2,99.55,-9920,-0.51,8692.98,-1227.53,35,LI;C,100,order,12,176,S
60518S,AAPL 27APR12 535.0 P,4/24/2012 12:38,AAPL,2012-04-27 00:00:00,535.00,P,-,-2,8.1,6.985705,1620,-0.61,-1619.39,0,222.86,O,-2,order,12,177,O
60518S,AAPL 19MAY12 535.0 P,4/24/2012 12:40,AAPL,2012-05-19 00:00:00,535.00,P,-,-2,15.05,13.83781,3010,-0.64,-3009.36,0,242.44,O,-2,order,12,178,O
60518S,LNKD 19MAY12 85.0 P,4/25/2012 14:49,LNKD,2012-05-19 00:00:00,85.00,P,-,4,1.85,1.821009,-740,-2.9,917.08,174.18,-11.6,P;LI;C,4,order,12,179,O
60518S,LNKD 18JAN14 125.0 C,4/25/2012 15:24,LNKD,2014-01-18 00:00:00,125.00,C,-,-1,17.6,17.61211,1760,-0.31,-1759.69,0,-1.21,O,-1,order,12,180,O
60518S,AFL,4/25/2012 15:36,AFL,,,,-,300,45.41,45.26,-13623,-0.66,13623.66,0,-45,O,300,order,12,181,S
60518S,LNKD 27APR12 105.0 C,4/27/2012 16:20,LNKD,2012-04-27 00:00:00,105.00,C,-,2,0,4.72,0,0,220.05,0,944,A;C,2,order,12,182,O
60518S,AAPL 27APR12 535.0 P,4/27/2012 16:20,AAPL,2012-04-27 00:00:00,535.00,P,-,2,0,0,0,0,1619.39,1619.39,0,Ep;C,2,order,12,183,O
60518S,LNKD,4/27/2012 16:20,LNKD,,,,-,-200,105,108.45,21000,-0.47,-20999.53,1227.53,-690,A;O,-200,order,12,184,S
60518S,BKS 16JUN12 19.0 C,4/30/2012 10:09,BKS,2012-06-16 00:00:00,19.00,C,-,-4,4.3,2.970335,1720,0.06,-1720.06,0,531.87,O,-4,order,12,185,O
60518S,BKS 21JUL12 24.0 C,4/30/2012 10:10,BKS,2012-07-21 00:00:00,24.00,C,-,-4,2.2,1.436523,880,0.08,-880.08,0,305.39,O,-4,order,12,186,O
60518S,BKS 19MAY12 22.0 C,4/30/2012 10:34,BKS,2012-05-19 00:00:00,22.00,C,-,-4,2.15,1.036711,860,-2.92,-857.08,0,445.32,P;O,-4,order,12,187,O
60518S,AXL,4/30/2012 15:57,AXL,,,,-,200,9.71,9.69,-1942,-0.44,1942.44,0,-4,O,200,order,12,188,S
60518S,AAPL 16JUN12 590.0 C,4/30/2012 15:59,AAPL,2012-06-16 00:00:00,590.00,C,-,1,23.55,23.571816,-2355,-0.58,2355.58,0,2.18,O,1,order,12,189,O
60518S,AXL,5/1/2012 13:27,AXL,,,,-,-200,10.02,9.98,2004,-0.49,-1942.44,61.07,8,P;LI;C,-200,order,12,190,S
60518S,BKS 16JUN12 19.0 C,5/1/2012 15:38,BKS,2012-06-16 00:00:00,19.00,C,-,4,2.1,1.928726,-840,0.1,1720.06,880.17,-68.51,LI;C,4,order,12,191,O
60518S,DAR,5/2/2012,DAR,,,,-,0.6667,0.0004,0.41,0,0,0,0,0.27,Ca,0.6667,order,12,192,S
60518S,DAR,5/2/2012,DAR,,,,-,-0.6667,0.0004,0.41,0,0,-0.37,-0.37,-0.27,LI;C,-0.6667,order,12,193,S
60518S,DAR,5/2/2012,DAR,,,,-,-0.6667,0.0004,0.4,0,0,0,0,-0.27,O,-0.6667,order,12,194,S
60518S,AAPL 19MAY12 535.0 P,5/2/2012 14:50,AAPL,2012-05-19 00:00:00,535.00,P,-,2,1.7,1.582527,-340,-0.57,3009.36,2668.79,-23.49,P;LI;C,2,order,12,195,O
60518S,BKS 21JUL12 24.0 C,5/2/2012 15:54,BKS,2012-07-21 00:00:00,24.00,C,-,4,0.6,0.616786,-240,0.1,880.08,640.18,6.71,P;LI;C,4,order,12,196,O
60518S,BKS 19MAY12 22.0 C,5/2/2012 15:59,BKS,2012-05-19 00:00:00,22.00,C,-,4,0.1,0.107144,-40,-2.9,857.08,814.18,2.86,LI;C,4,order,12,197,O
60518S,CAR,5/2/2012 16:47,CAR,,,,-,-600,16.72,16.85,10032,-1.13,-8813.82,1217.05,-78,P;LI;C,-600,order,12,198,S
60518S,BJRI,5/3/2012 13:44,BJRI,,,,-,200,43.25,43.25,-8650,-0.3,9408.38,758.08,0,P;LI;C,200,order,12,199,S
60518S,LNKD 18JAN14 125.0 C,5/7/2012 12:26,LNKD,2014-01-18 00:00:00,125.00,C,-,-2,25.7,23.868229,5140,-1.56,-5138.44,0,366.35,O,-2,order,12,200,O
60518S,LNKD,5/7/2012 15:54,LNKD,,,,-,100,110.96,111.48,-11096,-0.57,9382.25,-1714.32,52,P;LI;C,100,order,12,201,S
60518S,C,5/11/2012 10:51,C,,,,-,200,29.61,29.35,-5922,-0.44,5922.44,0,-52,P;O,200,order,12,202,S
60518S,C 19MAY12 29.0 P,5/11/2012 12:59,C,2012-05-19 00:00:00,29.00,P,-,-4,0.4,0.509622,160,-2.9,-157.1,0,-43.85,P;O,-4,order,12,203,O
60518S,LNKD,5/14/2012 15:24,LNKD,,,,-,-100,110.6,110.5,11060,-0.82,-11059.18,1714.32,10,O,-100,order,12,204,S
60518S,LNKD,5/15/2012 9:33,LNKD,,,,-,100,109.01,110.56,-10901,-0.47,9344.86,-1556.61,155,P;LI;C,100,order,12,205,S
60518S,LNKD,5/15/2012 10:50,LNKD,,,,-,-100,113.95,110.56,11395,-0.83,-11394.17,1556.61,339,O,-100,order,12,206,S
60518S,LNKD,5/15/2012 11:01,LNKD,,,,-,100,113.05,110.56,-11305,-0.51,9837.57,-1467.94,-249,LI;C,100,order,12,207,S
60518S,LNKD,5/17/2012 11:34,LNKD,,,,-,100,107.84,104.95,-10784,-0.57,10609.79,-174.78,-289,LI;C,100,order,12,208,S
60518S,LNKD,5/17/2012 11:45,LNKD,,,,-,-100,108.35,104.95,10835,-0.81,-10834.19,1467.94,340,O,-100,order,12,209,S
60518S,LNKD,5/17/2012 11:48,LNKD,,,,-,100,107.8,104.95,-10780,-0.51,9366.24,-1414.27,-285,LI;C,100,order,12,210,S
60518S,LNKD,5/17/2012 11:51,LNKD,,,,-,100,107.55,104.95,-10755,-0.51,9879.06,-876.45,-260,LI;C,100,order,12,211,S
60518S,LNKD,5/17/2012 11:51,LNKD,,,,-,-100,107.79,104.95,10779,-0.75,-10778.25,174.78,284,P;O,-100,order,12,212,S
60518S,LNKD,5/17/2012 11:53,LNKD,,,,-,100,107.55,104.95,-10755,-0.51,10603.47,-152.05,-260,LI;C,100,order,12,213,S
60518S,LNKD,5/17/2012 11:54,LNKD,,,,-,-100,107.74,104.95,10774,-0.81,-10773.19,1414.27,279,O,-100,order,12,214,S
60518S,LNKD,5/17/2012 11:55,LNKD,,,,-,100,107.52,104.95,-10752,-0.5,9358.92,-1393.57,-257,P;LI;C,100,order,12,215,S
60518S,LNKD,5/17/2012 12:02,LNKD,,,,-,100,107,104.95,-10700,-0.51,9879.06,-821.45,-205,LI;C,100,order,12,216,S
60518S,LNKD,5/17/2012 12:12,LNKD,,,,-,100,106.85,104.95,-10685,-0.57,9879.06,-806.51,-190,LI;C,100,order,12,217,S
60518S,LNKD,5/17/2012 12:29,LNKD,,,,-,-100,107.13,104.95,10713,-0.75,-10712.25,876.45,218,O,-100,order,12,218,S
60518S,LNKD,5/17/2012 12:41,LNKD,,,,-,-100,107.34,104.95,10734,-0.75,-10733.25,152.05,239,O,-100,order,12,219,S
60518S,LNKD,5/17/2012 12:50,LNKD,,,,-,-100,107.82,104.95,10782,-0.75,-10781.25,1393.57,287,O,-100,order,12,220,S
60518S,LNKD,5/17/2012 12:58,LNKD,,,,-,100,107.52,104.95,-10752,-0.51,9387.67,-1364.84,-257,LI;C,100,order,12,221,S
60518S,LNKD,5/17/2012 13:22,LNKD,,,,-,-100,108.55,104.95,10855,-0.72,-10854.28,821.45,360,P;O,-100,order,12,222,S
60518S,LNKD,5/17/2012 13:24,LNKD,,,,-,100,108.32,104.95,-10832,-0.51,10032.82,-799.69,-337,LI;C,100,order,12,223,S
60518S,LNKD,5/17/2012 13:30,LNKD,,,,-,100,108.15,104.95,-10815,-0.51,10581.2,-234.31,-320,LI;C,100,order,12,224,S
60518S,LNKD,5/17/2012 14:47,LNKD,,,,-,100,106.45,104.95,-10645,-0.51,9835.79,-809.72,-150,LI;C,100,order,12,225,S
60518S,LNKD,5/17/2012 14:48,LNKD,,,,-,-100,106.65,104.95,10665,-0.81,-10664.19,806.51,170,O,-100,order,12,226,S
60518S,LNKD,5/17/2012 14:52,LNKD,,,,-,100,106.45,104.95,-10645,-0.51,9857.68,-787.83,-150,LI;C,100,order,12,227,S
60518S,LNKD,5/17/2012 15:00,LNKD,,,,-,-100,106.74,104.95,10674,-0.71,-10673.29,1364.84,179,O,-100,order,12,228,S
60518S,LNKD,5/17/2012 15:09,LNKD,,,,-,100,106.44,104.95,-10644,-0.47,9308.45,-1336.02,-149,LI;C,100,order,12,229,S
60518S,LNKD,5/17/2012 15:14,LNKD,,,,-,100,106.64,104.95,-10664,-0.51,9111.65,-1552.86,-169,P;LI;C,100,order,12,230,S
60518S,LNKD,5/18/2012 15:22,LNKD,,,,-,200,98.3,99.02,-19660,-0.32,18223.31,-1437.01,144,LI;C,200,order,12,231,S
60518S,LNKD,5/18/2012 15:27,LNKD,,,,-,-200,98.6,99.02,19720,-0.76,-19719.24,1033.99,-84,O,-200,order,12,232,S
60518S,LNKD,5/18/2012 15:32,LNKD,,,,-,200,98.3,99.02,-19660,-0.32,18685.24,-975.08,144,LI;C,200,order,12,233,S
60518S,LNKD,5/18/2012 15:36,LNKD,,,,-,-100,98.6,99.02,9860,-0.73,-9859.27,809.72,-42,O,-100,order,12,234,S
60518S,LNKD,5/18/2012 15:46,LNKD,,,,-,100,98.3,99.02,-9830,-0.51,9049.55,-780.96,72,LI;C,100,order,12,235,S
60518S,C 19MAY12 29.0 P,5/18/2012 16:20,C,2012-05-19 00:00:00,29.00,P,-,4,0,0,0,0,157.1,0,0,A;C,4,order,12,236,O
60518S,C 19MAY12 41.0 C,5/18/2012 16:20,C,2012-05-19 00:00:00,41.00,C,-,6,0,0,0,0,493.64,493.64,0,Ep;C,6,order,12,237,O
60518S,ASYS 19MAY12 7.5 P,5/18/2012 16:20,ASYS,2012-05-19 00:00:00,7.50,P,-,9,0,0,0,0,488.47,0,0,A;C,9,order,12,238,O
60518S,C,5/18/2012 16:20,C,,,,-,400,29,26.01,-11600,0,11600,0,-1196,A;O,400,order,12,239,S
60518S,ASYS,5/18/2012 16:20,ASYS,,,,-,900,7.5,4.11,-6750,0,6750,0,-3051,A;O,900,order,12,240,S
60518S,LNKD,5/21/2012 9:51,LNKD,,,,-,100,92.6,96.84,-9260,-0.51,9111.65,-148.86,424,LI;C,100,order,12,241,S
60518S,LNKD,5/21/2012 9:55,LNKD,,,,-,-100,93.05,96.84,9305,-0.72,-9304.28,787.83,-379,P;O,-100,order,12,242,S
60518S,LNKD,5/21/2012 9:56,LNKD,,,,-,-100,93.6,96.84,9360,-0.72,-9359.28,1336.02,-324,P;O,-100,order,12,243,S
60518S,LNKD,5/21/2012 9:59,LNKD,,,,-,-100,94.25,96.84,9425,-0.72,-9424.28,1552.86,-259,O,-100,order,12,244,S
60518S,LNKD,5/21/2012 10:25,LNKD,,,,-,-100,95.45,96.84,9545,-0.72,-9544.28,718.51,-139,O,-100,order,12,245,S
60518S,LNKD,5/21/2012 15:19,LNKD,,,,-,-100,98.18,96.84,9818,-0.72,-9817.28,718.51,134,O,-100,order,12,246,S
60518S,LNKD,5/21/2012 15:26,LNKD,,,,-,100,97.95,96.84,-9795,-0.57,9098.77,-696.8,-111,LI;C,100,order,12,247,S
60518S,LNKD,5/22/2012 13:30,LNKD,,,,-,-100,102.7,101.33,10270,-0.73,-10269.27,770.23,137,O,-100,order,12,248,S
60518S,LNKD,5/22/2012 13:30,LNKD,,,,-,100,102.57,101.33,-10257,-0.57,9499.04,-758.53,-124,LI;C,100,order,12,249,S
60518S,LNKD,5/23/2012 16:43,LNKD,,,,-,-100,103.72,103.56,10372,-0.74,-10371.26,204.85,16,O,-100,order,12,250,S
60518S,LNKD,5/24/2012 7:52,LNKD,,,,-,100,103.31,98.8,-10331,-0.51,10166.41,-165.1,-451,LI;C,100,order,12,251,S
60518S,LNKD,5/24/2012 9:39,LNKD,,,,-,100,98.4,98.8,-9840,-0.47,8825.77,-1014.7,40,LI;C,100,order,12,252,S
60518S,LNKD,5/24/2012 9:40,LNKD,,,,-,-100,98.55,98.8,9855,-0.73,-9854.27,780.96,-25,O,-100,order,12,253,S
60518S,LNKD,5/24/2012 9:40,LNKD,,,,-,-100,98.9,98.8,9890,-0.69,-9889.31,148.86,10,O,-100,order,12,254,S
60518S,LNKD,5/24/2012 9:52,LNKD,,,,-,100,98.55,98.8,-9855,-0.51,9740.45,-115.06,25,LI;C,100,order,12,255,S
60518S,LNKD,5/25/2012 9:42,LNKD,,,,-,-100,98.9,98.52,9890,-0.73,-9889.27,696.8,38,O,-100,order,12,256,S
60518S,LNKD,5/31/2012 10:05,LNKD,,,,-,100,94.35,96.1,-9435,-0.47,7871.42,-1564.05,175,P;MSL;C,100,order,12,257,S
60518S,LNKD,5/31/2012 11:29,LNKD,,,,-,100,92.45,96.1,-9245,-0.47,8023.26,-1222.21,365,MSL;C,100,order,12,258,S
60518S,LNKD,5/31/2012 11:35,LNKD,,,,-,-100,93.15,96.1,9315,-0.78,-9314.22,758.53,-295,O,-100,order,12,259,S
60518S,LNKD,5/31/2012 11:42,LNKD,,,,-,100,92.85,96.1,-9285,-0.47,8516.45,-769.02,325,MSL;C,100,order,12,260,S
60518S,LNKD,5/31/2012 12:49,LNKD,,,,-,-100,93.45,96.1,9345,-0.78,-9344.22,165.1,-265,O,-100,order,12,261,S
60518S,LNKD,6/1/2012 10:41,LNKD,,,,-,100,91.2,91.51,-9120,-0.57,8555.69,-564.88,31,MSL;C,100,order,12,262,S
60518S,LNKD,6/1/2012 11:42,LNKD,,,,-,-100,91.55,91.51,9155,-0.72,-9154.28,1014.7,4,O,-100,order,12,263,S
60518S,LNKD,6/1/2012 12:28,LNKD,,,,-,200,91.2,91.51,-18240,-0.44,17009.1,-1231.34,62,P;MSL;C,200,order,12,264,S
60518S,LNKD,6/1/2012 14:01,LNKD,,,,-,100,90.83,91.51,-9083,-0.51,8869.52,-213.99,68,MSL;C,100,order,12,265,S
60518S,LNKD,6/1/2012 14:24,LNKD,,,,-,-100,91.04,91.51,9104,-0.74,-9103.26,115.06,-47,P;O,-100,order,12,266,S
60518S,AXL 16JUN12 9.0 P,6/1/2012 14:41,AXL,2012-06-16 00:00:00,9.00,P,-,-10,0.55,0.624989,550,-7.27,-542.73,0,-74.99,P;O,-10,order,12,267,O
60518S,LNKD,6/5/2012 12:06,LNKD,,,,-,-100,92.15,93,9215,-0.68,-9214.32,1564.05,-85,P;O,-100,order,12,268,S
60518S,LNKD,6/5/2012 12:47,LNKD,,,,-,100,91.85,93,-9185,-0.51,7650.27,-1535.24,115,MSL;C,100,order,12,269,S
60518S,LNKD,6/5/2012 12:48,LNKD,,,,-,100,91.87,93,-9187,-0.7,8869.52,-318.18,113,MSL;C,100,order,12,270,S
60518S,LNKD,6/5/2012 13:04,LNKD,,,,-,-200,92.15,93,18430,-0.73,-18429.27,1991.23,-170,O,-200,order,12,271,S
60518S,LNKD,6/5/2012 13:15,LNKD,,,,-,100,91.8,93,-9180,-0.57,7992.42,-1188.15,120,MSL;C,100,order,12,272,S
60518S,LNKD,6/5/2012 13:24,LNKD,,,,-,-100,92.15,93,9215,-0.72,-9214.28,564.88,-85,O,-100,order,12,273,S
60518S,LNKD,6/5/2012 15:10,LNKD,,,,-,-100,92.45,93,9245,-0.78,-9244.22,250.35,-55,P;O,-100,order,12,274,S
60518S,LNKD,6/6/2012 10:09,LNKD,,,,-,100,91.81,93.08,-9181,-0.51,8445.61,-735.9,127,MSL;C,100,order,12,275,S
60518S,LNKD,6/6/2012 13:30,LNKD,,,,-,-100,92.85,93.08,9285,-0.72,-9284.28,980.99,-23,O,-100,order,12,276,S
60518S,LNKD,6/8/2012 11:28,LNKD,,,,-,-200,95.31,96.26,19062,-0.67,-19061.33,1749.23,-190,P;O,-200,order,12,277,S
60518S,LNKD,6/8/2012 11:29,LNKD,,,,-,100,95.11,96.26,-9511,-0.57,7995.78,-1515.79,115,MSL;C,100,order,12,278,S
60518S,LNKD,6/8/2012 13:05,LNKD,,,,-,-100,95.31,96.26,9531,-0.72,-9530.28,318.18,-95,O,-100,order,12,279,S
60518S,LNKD,6/8/2012 13:40,LNKD,,,,-,100,95.11,96.26,-9511,-0.51,8303.29,-1208.22,115,MSL;C,100,order,12,280,S
60518S,LNKD,6/8/2012 14:30,LNKD,,,,-,-100,95.31,96.26,9531,-0.72,-9530.28,1188.15,-95,O,-100,order,12,281,S
60518S,CALX,6/8/2012 14:55,CALX,,,,-,800,7.65,7.66,-6120,-1.76,6121.76,0,8,O,800,order,12,282,S
60518S,AXL 16JUN12 10.0 C,6/8/2012 14:56,AXL,2012-06-16 00:00:00,10.00,C,-,-4,0.1,0.100005,40,0.26,-40.26,0,0,O,-4,order,12,283,O
60518S,CELG 16JUN12 65.0 P,6/8/2012 15:27,CELG,2012-06-16 00:00:00,65.00,P,-,-4,0.8,0.773184,320,-2.91,-317.09,0,10.73,O,-4,order,12,284,O
60518S,CELG 16JUN12 67.5 P,6/8/2012 15:28,CELG,2012-06-16 00:00:00,67.50,P,-,-2,2.6,2.600549,520,-1.46,-518.54,0,-0.11,O,-2,order,12,285,O
60518S,AXL 16JUN12 10.0 C,6/8/2012 15:47,AXL,2012-06-16 00:00:00,10.00,C,-,-4,0.15,0.100005,60,-2.9,-57.1,0,20,O,-4,order,12,286,O
60518S,ATPG 18JAN14 5.0 C,6/8/2012 15:57,ATPG,2014-01-18 00:00:00,5.00,C,-,4,1.9,1.899769,-760,-1.14,761.14,0,-0.09,O,4,order,12,287,O
60518S,LNKD,6/11/2012 10:22,LNKD,,,,-,100,95.11,94.29,-9511,-0.51,8342.13,-1169.38,-82,MSL;C,100,order,12,288,S
60518S,LNKD,6/11/2012 10:35,LNKD,,,,-,-100,95.31,94.29,9531,-0.78,-9530.22,735.9,102,O,-100,order,12,289,S
60518S,LNKD,6/11/2012 10:46,LNKD,,,,-,100,95.11,94.29,-9511,-0.51,8649.4,-862.11,-82,P;MSL;C,100,order,12,290,S
60518S,LNKD,6/11/2012 11:33,LNKD,,,,-,-100,95.31,94.29,9531,-0.68,-9530.32,1515.79,102,O,-100,order,12,291,S
60518S,LNKD,6/11/2012 12:13,LNKD,,,,-,100,95.11,94.29,-9511,-0.57,8014.53,-1497.05,-82,MSL;C,100,order,12,292,S
60518S,LNKD,6/11/2012 12:30,LNKD,,,,-,-100,95.31,94.29,9531,-0.72,-9530.28,1208.22,102,O,-100,order,12,293,S
60518S,LNKD,6/11/2012 14:19,LNKD,,,,-,100,95.11,94.29,-9511,-0.51,8322.06,-1189.45,-82,MSL;C,100,order,12,294,S
60518S,LNKD,6/13/2012 10:29,LNKD,,,,-,-100,95.35,95.53,9535,-0.72,-9534.28,1169.38,-18,P;O,-100,order,12,295,S
60518S,LNKD,6/13/2012 11:05,LNKD,,,,-,100,94.99,95.53,-9499,-0.51,8364.9,-1134.62,54,MSL;C,100,order,12,296,S
60518S,LNKD,6/13/2012 11:40,LNKD,,,,-,-100,95.31,95.53,9531,-0.72,-9530.28,862.11,-22,O,-100,order,12,297,S
60518S,LNKD,6/13/2012 11:50,LNKD,,,,-,100,95.11,95.53,-9511,-0.57,8668.17,-843.4,42,MSL;C,100,order,12,298,S
60518S,LNKD,6/13/2012 13:30,LNKD,,,,-,-100,95.35,95.53,9535,-0.72,-9534.28,1497.05,-18,O,-100,order,12,299,S
60518S,LNKD,6/13/2012 13:37,LNKD,,,,-,100,95.11,95.53,-9511,-0.57,8037.23,-1474.34,42,MSL;C,100,order,12,300,S
60518S,LNKD,6/13/2012 14:03,LNKD,,,,-,-100,95.31,95.53,9531,-0.72,-9530.28,1189.45,-22,O,-100,order,12,301,S
60518S,LNKD,6/13/2012 14:10,LNKD,,,,-,100,95.11,95.53,-9511,-0.51,8340.82,-1170.69,42,MSL;C,100,order,12,302,S
60518S,LNKD,6/13/2012 15:12,LNKD,,,,-,-100,95.35,95.53,9535,-0.72,-9534.28,1134.62,-18,O,-100,order,12,303,S
60518S,LNKD,6/13/2012 15:53,LNKD,,,,-,100,95.11,95.53,-9511,-0.57,8399.66,-1111.91,42,MSL;C,100,order,12,304,S
60518S,LNKD,6/13/2012 15:55,LNKD,,,,-,-100,95.38,95.53,9538,-0.78,-9537.22,843.4,-15,O,-100,order,12,305,S
60518S,LNKD,6/14/2012 9:30,LNKD,,,,-,100,94.76,98.29,-9476,-0.51,8693.81,-782.7,353,MSL;C,100,order,12,306,S
60518S,LNKD,6/14/2012 10:36,LNKD,,,,-,-100,95.72,98.29,9572,-0.79,-9571.21,1474.34,-257,O,-100,order,12,307,S
60518S,LNKD,6/14/2012 12:02,LNKD,,,,-,-100,97.35,98.29,9735,-0.79,-9734.21,1170.69,-94,O,-100,order,12,308,S
60518S,LNKD,6/14/2012 14:58,LNKD,,,,-,100,97.15,98.29,-9715,-0.51,8096.87,-1618.64,114,MSL;C,100,order,12,309,S
60518S,LNKD,6/14/2012 15:05,LNKD,,,,-,-100,97.35,98.29,9735,-0.73,-9734.27,1111.91,-94,O,-100,order,12,310,S
60518S,CELG 16JUN12 67.5 P,6/15/2012 16:20,CELG,2012-06-16 00:00:00,67.50,P,-,2,0,0,0,0,518.54,0,0,A;C,2,order,12,311,O
60518S,CELG 16JUN12 65.0 P,6/15/2012 16:20,CELG,2012-06-16 00:00:00,65.00,P,-,4,0,0,0,0,317.09,317.09,0,Ep;C,4,order,12,312,O
60518S,AXL 16JUN12 9.0 P,6/15/2012 16:20,AXL,2012-06-16 00:00:00,9.00,P,-,10,0,0,0,0,542.73,542.73,0,Ep;C,10,order,12,313,O
60518S,AXL 16JUN12 10.0 C,6/15/2012 16:20,AXL,2012-06-16 00:00:00,10.00,C,-,8,0,0,0,0,97.35,97.35,0,Ep;C,8,order,12,314,O
60518S,AAPL 16JUN12 590.0 C,6/15/2012 16:20,AAPL,2012-06-16 00:00:00,590.00,C,-,-1,0,0,0,0,-2355.58,-2355.58,0,Ep;C,-1,order,12,315,O
60518S,CELG,6/15/2012 16:20,CELG,,,,-,200,67.5,66.16,-13500,0,13500,0,-268,A;O,200,order,12,316,S
60518S,LNKD,6/20/2012 12:18,LNKD,,,,-,-100,104.25,105.27,10425,-0.8,-10424.2,782.7,-102,O,-100,order,12,317,S
60518S,LNKD,6/20/2012 12:21,LNKD,,,,-,100,104.05,105.27,-10405,-0.57,9641.5,-764.07,122,MSG;C,100,order,12,318,S
60518S,LNKD,6/20/2012 12:45,LNKD,,,,-,-100,104.292,105.27,10429.2,-0.85,-10428.35,1618.64,-97.8,P;O,-100,order,12,319,S
60518S,LNKD,6/21/2012 9:49,LNKD,,,,-,100,104.02,102.19,-10402,-0.51,9316.32,-1086.19,-183,MSG;C,100,order,12,320,S
60518S,CELG 21JUL12 57.5 P,6/21/2012 15:48,CELG,2012-07-21 00:00:00,57.50,P,-,-5,1.05,1.032683,525,-3.64,-521.36,0,8.66,P;O,-5,order,12,321,O
60518S,LNKD,6/22/2012 14:49,LNKD,,,,-,-100,106.11,106.85,10611,-0.81,-10610.19,764.07,-74,O,-100,order,12,322,S
60518S,LNKD,6/22/2012 14:55,LNKD,,,,-,-100,106.6,106.85,10660,-0.75,-10659.25,1086.19,-25,P;O,-100,order,12,323,S
60518S,LNKD,6/22/2012 15:23,LNKD,,,,-,100,106.42,106.85,-10642,-0.57,9846.12,-796.45,43,MSG;C,100,order,12,324,S
60518S,LNKD,6/22/2012 15:27,LNKD,,,,-,-100,106.55,106.85,10655,-0.81,-10654.19,796.45,-30,O,-100,order,12,325,S
60518S,LNKD,6/22/2012 15:28,LNKD,,,,-,100,106.4,106.85,-10640,-0.57,9857.74,-782.83,45,MSG;C,100,order,12,326,S
60518S,LNKD,6/22/2012 15:29,LNKD,,,,-,-100,106.54,106.85,10654,-0.75,-10653.25,782.83,-31,O,-100,order,12,327,S
60518S,LNKD,6/22/2012 15:34,LNKD,,,,-,100,106.35,106.85,-10635,-0.51,9870.42,-765.09,50,MSG;C,100,order,12,328,S
60518S,LNKD,6/22/2012 15:55,LNKD,,,,-,-100,106.53,106.85,10653,-0.81,-10652.19,765.09,-32,O,-100,order,12,329,S
60518S,LNKD,6/25/2012 10:18,LNKD,,,,-,100,104.5,103.05,-10450,-0.57,8563.53,-1887.05,-145,MSL;C,100,order,12,330,S
60518S,LNKD,6/25/2012 10:46,LNKD,,,,-,100,103.9,103.05,-10390,-0.57,8622.36,-1768.21,-85,MSL;C,100,order,12,331,S
60518S,ATPG 11 7/8 05/01/15 48.62368056%,6/25/2012 14:27,,,,,-,10000,46.125,46.115,-4612.5,-10,4622.5,0,-1,O,10000,order,12,332,B
60518S,LNKD,6/26/2012 10:02,LNKD,,,,-,-100,104.97,106.42,10497,-0.81,-10496.19,1887.05,-145,P;O,-100,order,12,333,S
60518S,LNKD,6/26/2012 10:03,LNKD,,,,-,100,104.65,106.42,-10465,-0.57,8609.15,-1856.42,177,MSL;C,100,order,12,334,S
60518S,LNKD,6/26/2012 10:05,LNKD,,,,-,-100,104.95,106.42,10495,-0.81,-10494.19,1768.21,-147,O,-100,order,12,335,S
60518S,LNKD,6/26/2012 10:09,LNKD,,,,-,100,104.65,106.42,-10465,-0.57,8725.98,-1739.59,177,MSL;C,100,order,12,336,S
60518S,LNKD,6/26/2012 12:09,LNKD,,,,-,-100,104.95,106.42,10495,-0.81,-10494.19,1856.42,-147,O,-100,order,12,337,S
60518S,LNKD,6/27/2012 9:46,LNKD,,,,-,100,104.65,105.17,-10465,-0.57,8637.77,-1827.8,52,MSL;C,100,order,12,338,S
60518S,LNKD,6/27/2012 10:32,LNKD,,,,-,-100,105.35,105.17,10535,-0.81,-10534.19,1739.59,18,O,-100,order,12,339,S
60518S,LNKD,6/27/2012 10:34,LNKD,,,,-,100,105.05,105.17,-10505,-0.57,8793.01,-1712.56,12,MSL;C,100,order,12,340,S
60518S,LNKD,6/27/2012 10:50,LNKD,,,,-,-100,105.35,105.17,10535,-0.81,-10534.19,1827.8,18,O,-100,order,12,341,S
60518S,LNKD,6/27/2012 10:53,LNKD,,,,-,100,105.05,105.17,-10505,-0.57,8706.4,-1799.18,12,MSL;C,100,order,12,342,S
60518S,LNKD,6/27/2012 10:56,LNKD,,,,-,-100,105.35,105.17,10535,-0.81,-10534.19,1712.56,18,O,-100,order,12,343,S
60518S,LNKD,6/27/2012 14:16,LNKD,,,,-,100,105.04,105.17,-10504,-0.57,8795.69,-1708.88,13,P;MSL;C,100,order,12,344,S
60518S,LNKD,6/27/2012 15:25,LNKD,,,,-,-100,105.48,105.17,10548,-0.81,-10547.19,1799.18,31,O,-100,order,12,345,S
60518S,LNKD,6/27/2012 15:49,LNKD,,,,-,100,105.04,105.17,-10504,-0.57,8748.02,-1756.55,13,MSL;C,100,order,12,346,S
60518S,LNKD,6/29/2012 9:54,LNKD,,,,-,-100,105.85,106.27,10585,-0.81,-10584.19,1708.88,-42,O,-100,order,12,347,S
60518S,LNKD,6/29/2012 10:58,LNKD,,,,-,-100,106.65,106.27,10665,-0.81,-10664.19,1756.55,38,O,-100,order,12,348,S
60518S,CELG,6/29/2012 11:38,CELG,,,,-,400,63.81,64.16,-25524,-0.6,25524.6,0,140,P;O,400,order,12,349,S
60518S,CELG,6/29/2012 11:42,CELG,,,,-,-200,63.89,64.16,12778,-0.59,-12981.46,0,-54,P;MSL;C,-200,order,12,350,S
60518S,CELG,6/29/2012 11:43,CELG,,,,-,200,63.79,64.16,-12758,-0.3,12758.3,0,74,P;O,200,order,12,351,S
60518S,CELG,6/29/2012 11:53,CELG,,,,-,-200,63.89,64.16,12778,-0.59,-12966.35,0,-54,P;MSL;C,-200,order,12,352,S
60518S,CELG,6/29/2012 13:23,CELG,,,,-,200,63.79,64.16,-12758,-0.3,12758.3,0,74,O,200,order,12,353,S
60518S,CELG,6/29/2012 14:12,CELG,,,,-,-200,63.89,64.16,12778,-0.59,-12947.24,0,-54,MSL;C,-200,order,12,354,S
60518S,CELG,6/29/2012 14:27,CELG,,,,-,200,63.79,64.16,-12758,-0.3,12758.3,0,74,P;O,200,order,12,355,S
60518S,CELG,6/29/2012 14:40,CELG,,,,-,-200,63.9,64.16,12780,-0.59,-12928.13,0,-52,P;MSL;C,-200,order,12,356,S
60518S,LNKD,6/29/2012 14:46,LNKD,,,,-,100,106.32,106.27,-10632,-0.57,8809.44,-1823.13,-5,MSL;C,100,order,12,357,S
60518S,LNKD,6/29/2012 14:48,LNKD,,,,-,-100,106.55,106.27,10655,-0.81,-10654.19,1823.13,28,O,-100,order,12,358,S
60518S,LNKD,6/29/2012 14:53,LNKD,,,,-,100,106.28,106.27,-10628,-0.57,8822.05,-1806.52,-1,MSL;C,100,order,12,359,S
60518S,BKS 21JUL12 18.0 C,6/29/2012 14:57,BKS,2012-07-21 00:00:00,18.00,C,-,-5,0.3,0.335482,150,0.12,-150.12,0,-17.74,O,-5,order,12,360,O
60518S,BKS 21JUL12 17.0 C,6/29/2012 15:00,BKS,2012-07-21 00:00:00,17.00,C,-,-5,0.55,0.562827,275,-3.63,-271.37,0,-6.41,O,-5,order,12,361,O
60518S,LNKD,6/29/2012 15:07,LNKD,,,,-,-100,106.55,106.27,10655,-0.81,-10654.19,1806.52,28,O,-100,order,12,362,S
60518S,LNKD,6/29/2012 15:18,LNKD,,,,-,100,106.28,106.27,-10628,-0.57,8831.14,-1797.43,-1,MSL;C,100,order,12,363,S
60518S,LNKD,6/29/2012 15:19,LNKD,,,,-,-100,106.26,106.27,10626,-1.25,-10624.75,1797.43,-1,O,-100,order,12,364,S
60518S,LNKD,6/29/2012 15:23,LNKD,,,,-,100,106.21,106.27,-10621,-0.57,8827.32,-1794.25,6,MSL;C,100,order,12,365,S
60518S,CELG,6/29/2012 15:31,CELG,,,,-,200,63.79,64.16,-12758,-0.3,12758.3,0,74,O,200,order,12,366,S
60518S,CELG,6/29/2012 15:36,CELG,,,,-,-200,63.89,64.16,12778,-0.59,-12907.01,0,-54,P;MSL;C,-200,order,12,367,S
60518S,BKS 21JUL12 17.0 C,6/29/2012 15:41,BKS,2012-07-21 00:00:00,17.00,C,-,-5,0.6,0.562827,300,0.11,-300.11,0,18.59,O,-5,order,12,368,O
60518S,BKS 21JUL12 18.0 C,6/29/2012 15:41,BKS,2012-07-21 00:00:00,18.00,C,-,-5,0.35,0.335482,175,0.12,-175.12,0,7.26,O,-5,order,12,369,O
60518S,LNKD,7/2/2012 9:58,LNKD,,,,-,-100,106.95,107.63,10695,-0.81,-10694.19,1794.25,-68,O,-100,order,12,370,S
60518S,LNKD,7/2/2012 10:00,LNKD,,,,-,100,106.75,107.63,-10675,-0.57,8847.67,-1827.9,88,MSL;C,100,order,12,371,S
60518S,LNKD,7/2/2012 10:07,LNKD,,,,-,100,105.55,107.63,-10555,-0.57,8868.94,-1686.63,208,MSL;C,100,order,12,372,S
60518S,LNKD,7/2/2012 10:10,LNKD,,,,-,-100,105.85,107.63,10585,-0.81,-10584.19,1827.9,-178,O,-100,order,12,373,S
60518S,LNKD,7/2/2012 10:20,LNKD,,,,-,-100,107.1,107.63,10710,-0.81,-10709.19,1686.63,-53,O,-100,order,12,374,S
60518S,LNKD,7/6/2012 11:24,LNKD,,,,-,100,106.5,108.86,-10650,-0.57,8756.29,-1894.28,236,MSL;C,100,order,12,375,S
60518S,LNKD,7/6/2012 12:43,LNKD,,,,-,-100,106.9,108.86,10690,-0.81,-10689.19,1894.28,-196,O,-100,order,12,376,S
60518S,BKS 21JUL12 17.0 C,7/6/2012 13:23,BKS,2012-07-21 00:00:00,17.00,C,-,2,0.4,0.408677,-80,0.05,108.55,28.59,1.74,MSL;C,2,order,12,377,O
60518S,LNKD,7/9/2012 9:38,LNKD,,,,-,100,104.8,102.98,-10480,-0.51,8794.91,-1685.6,-182,MSL;C,100,order,12,378,S
60518S,ALXA,7/9/2012 11:13,ALXA,,,,-,1000,4.02,4.06,-4020,-1.5,4021.5,0,40,P;O,1000,order,12,379,S
60518S,LNKD,7/9/2012 14:49,LNKD,,,,-,100,102.6,102.98,-10260,-0.57,8875.88,-1384.69,38,MSL;C,100,order,12,380,S
60518S,LNKD,7/9/2012 15:39,LNKD,,,,-,-100,103.1,102.98,10310,-0.8,-10309.2,1685.6,12,O,-100,order,12,381,S
60518S,LNKD,7/10/2012 10:10,LNKD,,,,-,100,102.6,99.53,-10260,-0.51,8623.6,-1636.91,-307,MSL;C,100,order,12,382,S
60518S,LNKD,7/10/2012 10:14,LNKD,,,,-,-100,102.86,99.53,10286,-0.8,-10285.2,1384.69,333,O,-100,order,12,383,S
60518S,LNKD,7/10/2012 10:19,LNKD,,,,-,100,102.55,99.53,-10255,-0.57,8899.12,-1356.45,-302,MSL;C,100,order,12,384,S
60518S,LNKD,7/10/2012 10:21,LNKD,,,,-,-100,102.82,99.53,10282,-0.8,-10281.2,1636.91,329,O,-100,order,12,385,S
60518S,LNKD,7/10/2012 10:23,LNKD,,,,-,100,102.5,99.53,-10250,-0.57,8644.28,-1606.29,-297,MSL;C,100,order,12,386,S
60518S,LNKD,7/10/2012 10:24,LNKD,,,,-,-100,102.8,99.53,10280,-0.8,-10279.2,1356.45,327,O,-100,order,12,387,S
60518S,LNKD,7/10/2012 10:26,LNKD,,,,-,100,102.45,99.53,-10245,-0.57,8901.33,-1344.24,-292,MSL;C,100,order,12,388,S
60518S,LNKD,7/10/2012 11:02,LNKD,,,,-,100,101.1,99.53,-10110,-0.57,8907.64,-1202.93,-157,MSL;C,100,order,12,389,S
60518S,LNKD,7/10/2012 11:21,LNKD,,,,-,-100,101.5,99.53,10150,-0.8,-10149.2,1606.29,197,O,-100,order,12,390,S
60518S,LNKD,7/10/2012 12:16,LNKD,,,,-,100,101.09,99.53,-10109,-0.57,8542.92,-1566.65,-156,MSL;C,100,order,12,391,S
60518S,LNKD,7/10/2012 12:34,LNKD,,,,-,-100,101.3,99.53,10130,-0.8,-10129.2,1344.24,177,O,-100,order,12,392,S
60518S,LNKD,7/10/2012 12:59,LNKD,,,,-,100,101.1,99.53,-10110,-0.57,8784.96,-1325.61,-157,MSL;C,100,order,12,393,S
60518S,LNKD,7/10/2012 13:17,LNKD,,,,-,-100,101.35,99.53,10135,-0.8,-10134.2,1202.93,182,O,-100,order,12,394,S
60518S,LNKD,7/10/2012 13:28,LNKD,,,,-,100,101.07,99.53,-10107,-0.57,8922.74,-1184.83,-154,MSL;C,100,order,12,395,S
60518S,LNKD,7/10/2012 13:56,LNKD,,,,-,-100,101.35,99.53,10135,-0.8,-10134.2,1566.65,182,O,-100,order,12,396,S
60518S,LNKD,7/10/2012 14:31,LNKD,,,,-,100,99.75,99.53,-9975,-0.57,8567.55,-1408.02,-22,MSL;C,100,order,12,397,S
60518S,LNKD,7/10/2012 14:39,LNKD,,,,-,-100,99.98,99.53,9998,-0.79,-9997.21,1325.61,45,O,-100,order,12,398,S
60518S,ANR,7/10/2012 15:07,ANR,,,,-,1000,7.5,7.53,-7500,-2.2,7502.2,0,30,O,1000,order,12,399,S
60518S,ANR 21JUL12 7.0 P,7/10/2012 15:34,ANR,2012-07-21 00:00:00,7.00,P,-,-4,0.26,0.228258,104,-2.91,-101.09,0,12.7,O,-4,order,12,400,O
60518S,LNKD,7/10/2012 15:52,LNKD,,,,-,100,99.65,99.53,-9965,-0.57,8671.6,-1293.97,-12,MSL;C,100,order,12,401,S
60518S,LNKD,7/11/2012 10:10,LNKD,,,,-,-100,100.55,101.08,10055,-0.8,-10054.2,1184.83,-53,O,-100,order,12,402,S
60518S,LNKD,7/11/2012 10:46,LNKD,,,,-,100,100.22,101.08,-10022,-0.57,8869.38,-1153.19,86,P;MSL;C,100,order,12,403,S
60518S,CALX,7/11/2012 14:32,CALX,,,,-,500,6.45,6.48,-3225,-1.1,3226.1,0,15,O,500,order,12,404,S
60518S,CALX,7/11/2012 14:32,CALX,,,,-,400,6.46,6.48,-2584,-0.88,2584.88,0,8,O,400,order,12,405,S
60518S,LNKD,7/11/2012 15:12,LNKD,,,,-,-100,100.57,101.08,10057,-0.8,-10056.2,1408.02,-51,O,-100,order,12,406,S
60518S,ARNA,7/11/2012 15:26,ARNA,,,,-,1000,11.12,11.13,-11120,-1.5,11121.5,0,10,P;O,1000,order,12,407,S
60518S,LNKD,7/12/2012 9:52,LNKD,,,,-,-100,101.51,104.64,10151,-0.8,-10150.2,1293.97,-313,O,-100,order,12,408,S
60518S,LNKD,7/12/2012 10:20,LNKD,,,,-,100,101.11,104.64,-10111,-0.57,8648.18,-1463.39,353,MSL;C,100,order,12,409,S
60518S,CADX,7/12/2012 10:31,CADX,,,,-,-500,4.58,4.42,2290,-1.73,-4812.43,-2524.16,80,P;MSL;C,-500,order,12,410,S
60518S,LNKD,7/12/2012 12:59,LNKD,,,,-,-100,104.5,104.64,10450,-0.8,-10449.2,1153.19,-14,O,-100,order,12,411,S
60518S,CADX,7/12/2012 13:21,CADX,,,,-,-500,4.64,4.42,2320,-0.8,-4812.43,-2493.23,110,MSL;C,-500,order,12,412,S
60518S,LNKD,7/13/2012 9:41,LNKD,,,,-,-100,105.58,105.59,10558,-0.81,-10557.19,1463.39,-1,O,-100,order,12,413,S
60518S,LNKD,7/16/2012 10:05,LNKD,,,,-,100,103.5,103.21,-10350,-0.57,8856.23,-1494.34,-29,MSL;C,100,order,12,414,S
60518S,LNKD,7/17/2012 9:41,LNKD,,,,-,100,102.5,103.84,-10250,-0.57,9093.8,-1156.77,134,LI;C,100,order,12,415,S
60518S,LNKD,7/17/2012 10:41,LNKD,,,,-,100,101.11,103.84,-10111,-0.57,9296,-815.57,273,LI;C,100,order,12,416,S
60518S,LNKD,7/17/2012 12:05,LNKD,,,,-,-100,102.52,103.84,10252,-0.8,-10251.2,1494.34,-132,O,-100,order,12,417,S
60518S,LNKD,7/17/2012 12:24,LNKD,,,,-,-100,103.52,103.84,10352,-0.8,-10351.2,1156.77,-32,O,-100,order,12,418,S
60518S,LNKD,7/17/2012 12:43,LNKD,,,,-,100,102.51,103.84,-10251,-0.57,9194.43,-1057.14,133,LI;C,100,order,12,419,S
60518S,LNKD,7/17/2012 14:45,LNKD,,,,-,-100,103.52,103.84,10352,-0.8,-10351.2,815.57,-32,P;O,-100,order,12,420,S
60518S,CADX,7/17/2012 15:10,CADX,,,,-,1000,4.37,4.36,-4370,-1.5,4371.5,5017.39,-10,O,1000,order,12,421,S
60518S,LNKD,7/18/2012 9:59,LNKD,,,,-,-100,104.52,104.61,10452,-0.8,-10451.2,1057.14,-9,O,-100,order,12,422,S
60518S,CELG,7/19/2012 6:46,CELG,,,,-,-100,67.8,67.98,6780,-0.66,-6442.65,336.69,-18,LI;C,-100,order,12,423,S
60518S,CELG,7/19/2012 11:35,CELG,,,,-,-100,67.85,67.98,6785,-0.65,-6445.25,339.1,-13,LI;C,-100,order,12,424,S
60518S,CELG,7/19/2012 15:44,CELG,,,,-,-100,68.02,67.98,6802,-0.65,-6381.15,420.2,4,P;LI;C,-100,order,12,425,S
60518S,CELG 21JUL12 57.5 P,7/20/2012 16:20,CELG,2012-07-21 00:00:00,57.50,P,-,5,0,0,0,0,521.36,521.36,0,Ep;C,5,order,12,426,O
60518S,BKS 21JUL12 18.0 C,7/20/2012 16:20,BKS,2012-07-21 00:00:00,18.00,C,-,10,0,0,0,0,325.24,325.24,0,Ep;C,10,order,12,427,O
60518S,BKS 21JUL12 17.0 C,7/20/2012 16:20,BKS,2012-07-21 00:00:00,17.00,C,-,8,0,0,0,0,462.93,462.93,0,Ep;C,8,order,12,428,O
60518S,ANR 21JUL12 7.0 P,7/20/2012 16:20,ANR,2012-07-21 00:00:00,7.00,P,-,4,0,0,0,0,101.09,0,0,A;C,4,order,12,429,O
60518S,ANR,7/20/2012 16:20,ANR,,,,-,400,7,6.74,-2800,0,2800,0,-104,A;O,400,order,12,430,S
60518S,LNKD,7/23/2012 9:39,LNKD,,,,-,100,102.9,104.2,-10290,-0.52,9394.06,-896.47,130,P;LI;C,100,order,12,431,S
60518S,LNKD,7/23/2012 9:42,LNKD,,,,-,100,102.51,104.2,-10251,-0.57,9535.63,-715.94,169,LI;C,100,order,12,432,S
60518S,LNKD,7/23/2012 13:10,LNKD,,,,-,-100,103.52,104.2,10352,-0.8,-10351.2,896.47,-68,O,-100,order,12,433,S
60518S,CELG,7/23/2012 13:50,CELG,,,,-,200,65.65,65.78,-13130,-0.3,13130.3,0,26,O,200,order,12,434,S
60518S,CADX,7/23/2012 13:57,CADX,,,,-,300,4.13,4.15,-1239,-0.48,1239.48,0,6,P;O,300,order,12,435,S
60518S,LNKD,7/23/2012 14:16,LNKD,,,,-,-100,104.62,104.2,10462,-0.71,-10461.29,715.94,42,P;O,-100,order,12,436,S
60518S,LNKD,7/23/2012 14:54,LNKD,,,,-,100,103.61,104.2,-10361,-0.52,9745.35,-616.17,59,P;LI;C,100,order,12,437,S
60518S,ARNA,7/23/2012 15:43,ARNA,,,,-,500,9.93,9.94,-4965,-1.3,4966.3,0,5,P;O,500,order,12,438,S
60518S,ALXA,7/24/2012 15:58,ALXA,,,,-,213,3.47,3.51,-739.11,-1.43,740.54,0,8.52,P;O,213,order,12,439,S
60518S,ALXA,7/25/2012 9:30,ALXA,,,,-,287,3.46,3.54,-993.02,-1.21,994.23,0,22.96,O,287,order,12,440,S
60518S,LNKD,7/25/2012 10:37,LNKD,,,,-,100,102.21,102.19,-10221,-0.57,9454.73,-766.84,-2,LI;C,100,order,12,441,S
60518S,LNKD,7/25/2012 10:59,LNKD,,,,-,100,101.51,102.19,-10151,-0.57,8756.86,-1394.71,68,LI;C,100,order,12,442,S
60518S,LNKD,7/25/2012 11:14,LNKD,,,,-,-100,102.56,102.19,10256,-0.8,-10255.2,616.17,37,O,-100,order,12,443,S
60518S,LNKD,7/25/2012 16:35,LNKD,,,,-,76,101.51,102.19,-7714.76,-0.56,7325.74,-389.57,51.68,LI;C,76,order,12,444,S
60518S,CELG,7/25/2012 17:14,CELG,,,,-,-100,66.66,65.28,6666,-0.66,-6565.15,100.19,138,LI;C,-100,order,12,445,S
60518S,LNKD,7/26/2012 6:10,LNKD,,,,-,24,101.51,100.82,-2436.24,-0.66,2313.29,-123.61,-16.56,LI;C,24,order,12,446,S
60518S,CELG,7/26/2012 7:39,CELG,,,,-,-100,67.66,67.49,6766,-0.66,-6565.15,200.19,17,LI;C,-100,order,12,447,S
60518S,LNKD,7/26/2012 10:02,LNKD,,,,-,100,100.51,100.82,-10051,-0.57,8931.27,-1120.3,31,LI;C,100,order,12,448,S
60518S,LNKD,7/26/2012 11:13,LNKD,,,,-,-100,101.52,100.82,10152,-0.8,-10151.2,766.84,70,O,-100,order,12,449,S
60518S,LNKD,7/26/2012 11:54,LNKD,,,,-,100,100.51,100.82,-10051,-0.51,9384.36,-667.14,31,P;LI;C,100,order,12,450,S
60518S,LNKD,7/26/2012 13:06,LNKD,,,,-,-100,101.52,100.82,10152,-0.8,-10151.2,1394.71,70,O,-100,order,12,451,S
60518S,LNKD,7/26/2012 14:20,LNKD,,,,-,100,100.51,100.82,-10051,-0.57,8756.49,-1295.08,31,LI;C,100,order,12,452,S
60518S,LNKD,7/26/2012 17:01,LNKD,,,,-,100,98.9922,100.82,-9899.22,-1.02,9022.56,-877.68,182.78,P;LI;C,100,order,12,453,S
60518S,LNKD,7/26/2012 17:29,LNKD,,,,-,-100,99.52,100.82,9952,-0.73,-9951.27,513.18,-130,O,-100,order,12,454,S
60518S,LNKD,7/27/2012 8:43,LNKD,,,,-,100,98.01,103.42,-9801,-0.51,9438.09,-363.42,541,LI;C,100,order,12,455,S
60518S,CELG,7/27/2012 9:30,CELG,,,,-,-100,68.1,70.6,6810,-0.66,-6381.15,428.19,-250,LI;C,-100,order,12,456,S
60518S,LNKD,7/27/2012 9:56,LNKD,,,,-,-100,99.62,103.42,9962,-0.79,-9961.21,1120.3,-380,O,-100,order,12,457,S
60518S,LNKD,7/27/2012 10:20,LNKD,,,,-,100,99.01,103.42,-9901,-0.57,8840.91,-1060.67,441,LI;C,100,order,12,458,S
60518S,LNKD,7/27/2012 10:26,LNKD,,,,-,-100,99.62,103.42,9962,-0.79,-9961.21,667.14,-380,O,-100,order,12,459,S
60518S,CADX,7/27/2012 10:45,CADX,,,,-,-300,4.35,4.4,1305,-0.48,-2826.38,0,-15,P;MSL;C,-300,order,12,460,S
60518S,ARNA,7/27/2012 11:08,ARNA,,,,-,300,9.5,9.42,-2850,-0.45,2850.45,0,-24,O,300,order,12,461,S
60518S,LNKD,7/27/2012 11:40,LNKD,,,,-,-100,101.97,103.42,10197,-0.8,-10196.2,1295.08,-145,O,-100,order,12,462,S
60518S,LNKD,7/27/2012 15:18,LNKD,,,,-,-100,103.12,103.42,10312,-0.8,-10311.2,877.68,-30,O,-100,order,12,463,S
60518S,ANR,7/30/2012 7:17,ANR,,,,-,-400,7.14,7.15,2856,-0.71,-2698.91,156.39,-4,LI;C,-400,order,12,464,S
60518S,LNKD,7/30/2012 9:41,LNKD,,,,-,-100,104.62,104.18,10462,-0.8,-10461.2,363.42,44,O,-100,order,12,465,S
60518S,ANR,7/30/2012 11:19,ANR,,,,-,1000,6.46,7.15,-6460,-2.96,6462.96,0,690,P;O,1000,order,12,466,S
60518S,LNKD,7/30/2012 12:24,LNKD,,,,-,100,103.51,104.18,-10351,-0.57,10097.77,-253.8,67,LI;C,100,order,12,467,S
60518S,LNKD,7/30/2012 13:05,LNKD,,,,-,-100,104.62,104.18,10462,-0.8,-10461.2,1060.67,44,O,-100,order,12,468,S
60518S,ANR,7/30/2012 13:37,ANR,,,,-,-300,6.77,7.15,2031,-0.71,-1938.66,91.63,-114,P;LI;C,-300,order,12,469,S
60518S,ANR,7/30/2012 14:25,ANR,,,,-,-100,6.81,7.15,681,-0.59,-646.22,34.19,-34,LI;C,-100,order,12,470,S
60518S,LNKD,7/30/2012 14:28,LNKD,,,,-,100,103.51,104.18,-10351,-0.57,9400.53,-951.04,67,LI;C,100,order,12,471,S
60518S,ANR,7/30/2012 15:17,ANR,,,,-,-300,7.07,7.15,2121,-0.71,-1938.66,181.63,-24,LI;C,-300,order,12,472,S
60518S,ANR,7/30/2012 15:48,ANR,,,,-,-300,7.19,7.15,2157,-0.71,-1939.42,216.87,12,LI;C,-300,order,12,473,S
60518S,LNKD,7/31/2012 9:43,LNKD,,,,-,-100,105.17,102.65,10517,-0.75,-10516.25,253.8,252,O,-100,order,12,474,S
60518S,ANR,7/31/2012 9:48,ANR,,,,-,300,6.76,7.01,-2028,-0.66,2028.66,0,75,O,300,order,12,475,S
60518S,LNKD,7/31/2012 9:56,LNKD,,,,-,100,103.51,102.65,-10351,-0.51,10262.46,-89.06,-86,LI;C,100,order,12,476,S
60518S,ANR,7/31/2012 10:04,ANR,,,,-,300,6.75,7.01,-2025,-0.66,2025.66,0,78,O,300,order,12,477,S
60518S,LNKD,7/31/2012 10:11,LNKD,,,,-,100,102.11,102.65,-10211,-0.57,9433.52,-778.05,54,LI;C,100,order,12,478,S
60518S,LNKD,7/31/2012 10:24,LNKD,,,,-,-100,103.22,102.65,10322,-0.7,-10321.3,951.04,57,O,-100,order,12,479,S
60518S,LNKD,7/31/2012 10:28,LNKD,,,,-,100,102.11,102.65,-10211,-0.49,9370.26,-841.23,54,P;LI;C,100,order,12,480,S
60518S,ANR,7/31/2012 11:10,ANR,,,,-,-300,7.07,7.01,2121,-0.71,-2025.66,94.63,18,LI;C,-300,order,12,481,S
60518S,LNKD,7/31/2012 11:23,LNKD,,,,-,-100,103.22,102.65,10322,-0.74,-10321.26,89.06,57,O,-100,order,12,482,S
60518S,LNKD,7/31/2012 12:05,LNKD,,,,-,100,102.11,102.65,-10211,-0.57,10232.2,20.63,54,LI;C,100,order,12,483,S
60518S,ATML,7/31/2012 15:06,ATML,,,,-,1000,5.84,5.86,-5840,-3.21,5843.21,0,20,P;O,1000,order,12,484,S
60518S,LNKD,8/1/2012 9:25,LNKD,,,,-,-100,103.79,95.64,10379,-0.73,-10378.27,778.05,815,O,-100,order,12,485,S
60518S,LNKD,8/1/2012 9:36,LNKD,,,,-,100,102.51,95.64,-10251,-0.53,9600.22,-651.31,-687,P;LI;C,100,order,12,486,S
60518S,LNKD,8/1/2012 12:02,LNKD,,,,-,100,100.51,95.64,-10051,-0.57,8901.12,-1150.45,-487,LI;C,100,order,12,487,S
60518S,LNKD,8/1/2012 13:13,LNKD,,,,-,100,99.01,95.64,-9901,-0.51,9294.06,-607.45,-337,LI;C,100,order,12,488,S
60518S,LNKD,8/1/2012 14:57,LNKD,,,,-,100,98.01,95.64,-9801,-0.51,9887.1,85.59,-237,LI;C,100,order,12,489,S
60518S,ATML,8/2/2012 8:09,ATML,,,,-,1000,5.45,5.54,-5450,-1.6,5451.6,0,90,O,1000,order,12,490,S
60518S,LNKD,8/2/2012 11:14,LNKD,,,,-,100,93.01,93.51,-9301,-0.51,9573.06,271.55,50,LI;C,100,order,12,491,S
60518S,LNKD,8/2/2012 12:00,LNKD,,,,-,-100,93.76,93.51,9376,-0.72,-9375.28,841.23,25,O,-100,order,12,492,S
60518S,LNKD,8/2/2012 12:34,LNKD,,,,-,100,93.01,93.51,-9301,-0.51,8534.05,-767.46,50,LI;C,100,order,12,493,S
60518S,LNKD,8/2/2012 13:11,LNKD,,,,-,-100,93.76,93.51,9376,-0.78,-9375.22,651.31,25,P;O,-100,order,12,494,S
60518S,ANR,8/2/2012 13:20,ANR,,,,-,300,6.75,6.66,-2025,-0.66,2025.66,0,-27,O,300,order,12,495,S
60518S,ARNA,8/2/2012 13:36,ARNA,,,,-,500,7.68,7.75,-3840,-0.8,3840.8,0,35,P;O,500,order,12,496,S
60518S,LNKD,8/2/2012 13:38,LNKD,,,,-,100,93.01,93.51,-9301,-0.57,8723.91,-577.66,50,LI;C,100,order,12,497,S
60518S,LNKD,8/2/2012 15:45,LNKD,,,,-,-100,93.76,93.51,9376,-0.72,-9375.28,1150.45,25,O,-100,order,12,498,S
60518S,LNKD,8/2/2012 15:52,LNKD,,,,-,100,93.01,93.51,-9301,-0.51,8224.83,-1076.68,50,LI;C,100,order,12,499,S
60518S,LNKD,8/2/2012 16:22,LNKD,,,,-,-100,96.67,93.51,9667,-0.73,-9666.27,607.45,316,O,-100,order,12,500,S
60518S,LNKD,8/2/2012 16:34,LNKD,,,,-,-100,97.52,93.51,9752,-0.73,-9751.27,767.46,401,P;O,-100,order,12,501,S
60518S,LNKD,8/2/2012 16:37,LNKD,,,,-,100,96.51,93.51,-9651,-0.51,8983.81,-667.7,-300,LI;C,100,order,12,502,S
60518S,LNKD,8/2/2012 16:41,LNKD,,,,-,-100,97.52,93.51,9752,-0.73,-9751.27,577.66,401,P;O,-100,order,12,503,S
60518S,LNKD,8/2/2012 18:17,LNKD,,,,-,-100,100.52,93.51,10052,-0.74,-10051.26,1076.68,701,P;O,-100,order,12,504,S
60518S,ATML,8/3/2012 9:30,ATML,,,,-,-200,5.66,5.44,1132,-0.87,-1090.32,40.81,44,LI;C,-200,order,12,505,S
60518S,ANR,8/3/2012 11:45,ANR,,,,-,-300,7.07,6.89,2121,-0.71,-2025.66,94.63,54,LI;C,-300,order,12,506,S
60518S,AAPL 17NOV12 660.0 C,8/3/2012 11:52,AAPL,2012-11-17 00:00:00,660.00,C,-,-1,18.7,18.010542,1870,-0.66,-1869.34,0,68.95,O,-1,order,12,507,O
60518S,AAPL 17NOV12 665.0 C,8/3/2012 11:54,AAPL,2012-11-17 00:00:00,665.00,C,-,-1,17.2,16.517713,1720,-1.1,-1718.9,0,68.23,O,-1,order,12,508,O
60518S,AAPL 20OCT12 660.0 C,8/3/2012 11:55,AAPL,2012-10-20 00:00:00,660.00,C,-,-1,12.5,11.743554,1250,-1.09,-1248.91,0,75.64,O,-1,order,12,509,O
60518S,AAPL 17NOV12 660.0 C,8/3/2012 11:56,AAPL,2012-11-17 00:00:00,660.00,C,-,-1,18.7,18.010542,1870,-1.1,-1868.9,0,68.95,O,-1,order,12,510,O
60518S,LNKD 18JAN14 125.0 C,8/3/2012 14:49,LNKD,2014-01-18 00:00:00,125.00,C,-,-1,19.9,19.665021,1990,-0.35,-1989.65,0,23.5,O,-1,order,12,511,O
60518S,ARNA,8/3/2012 14:54,ARNA,,,,-,500,7.42,7.39,-3710,-0.75,3710.75,0,-15,P;O,500,order,12,512,S
60518S,ANR,8/6/2012 11:15,ANR,,,,-,300,6.75,6.83,-2025,-0.66,2025.66,0,24,O,300,order,12,513,S
60518S,ANR,8/7/2012 9:32,ANR,,,,-,-300,7.02,6.9,2106,-0.71,-2025.66,79.63,36,LI;C,-300,order,12,514,S
60518S,ATML,8/7/2012 9:59,ATML,,,,-,-300,5.86,6.06,1758,-0.52,-1635.48,122,-60,P;LI;C,-300,order,12,515,S
60518S,ATML,8/7/2012 11:27,ATML,,,,-,-200,6.01,6.06,1202,-0.33,-1090.32,111.35,-10,LI;C,-200,order,12,516,S
60518S,ATML,8/7/2012 11:43,ATML,,,,-,-200,6.06,6.06,1212,-0.33,-1090.32,121.35,0,LI;C,-200,order,12,517,S
60518S,ANR,8/8/2012 7:51,ANR,,,,-,-300,7.22,6.3,2166,-0.53,-2028.66,136.81,276,LI;C,-300,order,12,518,S
60518S,ANR,8/8/2012 10:52,ANR,,,,-,300,6.27,6.3,-1881,-0.45,1881.45,0,9,O,300,order,12,519,S
60518S,ANR,8/8/2012 10:56,ANR,,,,-,-300,6.62,6.3,1986,-0.71,-1881.45,103.84,96,LI;C,-300,order,12,520,S
60518S,ANR,8/8/2012 14:39,ANR,,,,-,300,6.31,6.3,-1893,-0.66,1893.66,0,-3,O,300,order,12,521,S
60518S,ANR,8/8/2012 15:25,ANR,,,,-,300,6.27,6.3,-1881,-0.45,1881.45,0,9,O,300,order,12,522,S
60518S,ANR,8/8/2012 15:25,ANR,,,,-,100,6.2,6.3,-620,-0.57,620.57,0,10,O,100,order,12,523,S
60518S,ANR,8/9/2012 9:43,ANR,,,,-,200,6.2,7.25,-1240,-0.44,1240.44,0,210,O,200,order,12,524,S
60518S,ANR,8/9/2012 10:39,ANR,,,,-,-300,6.62,7.25,1986,-0.71,-1861.01,124.28,-189,LI;C,-300,order,12,525,S
60518S,ANR,8/9/2012 11:06,ANR,,,,-,-300,6.92,7.25,2076,-0.71,-1881.45,193.84,-99,LI;C,-300,order,12,526,S
60518S,ALXA,8/9/2012 11:57,ALXA,,,,-,600,2.99,2.98,-1794,-0.9,1794.9,0,-6,O,600,order,12,527,S
60518S,ALXA,8/9/2012 11:57,ALXA,,,,-,600,2.99,2.98,-1794,-0.96,1794.96,0,-6,O,600,order,12,528,S
60518S,ALXA,8/9/2012 11:58,ALXA,,,,-,600,2.98,2.98,-1788,-0.9,1788.9,0,0,O,600,order,12,529,S
60518S,ANR,8/9/2012 14:14,ANR,,,,-,-300,7.22,7.25,2166,-0.71,-1893.66,271.63,-9,LI;C,-300,order,12,530,S
60518S,ANR,8/14/2012 9:55,ANR,,,,-,300,7.01,6.84,-2103,-0.66,2103.66,0,-51,O,300,order,12,531,S
60518S,ARNA,8/14/2012 13:33,ARNA,,,,-,-300,7.89,8.26,2367,-0.5,-2226.19,140.31,-111,P;LI;C,-300,order,12,532,S
60518S,ARNA,8/14/2012 15:25,ARNA,,,,-,-200,8.27,8.26,1654,-0.34,-1484.56,169.1,2,P;LI;C,-200,order,12,533,S
60518S,ANR,8/15/2012 9:39,ANR,,,,-,300,6.61,6.61,-1983,-0.66,1983.66,0,0,O,300,order,12,534,S
60518S,ARNA,8/16/2012 9:44,ARNA,,,,-,200,7.88,7.82,-1576,-0.3,1576.3,0,-12,O,200,order,12,535,S
60518S,AAPL 17NOV12 720.0 C,8/17/2012 12:15,AAPL,2012-11-17 00:00:00,720.00,C,-,-1,10.25,11.351018,1025,-0.64,-1024.36,0,-110.1,O,-1,order,12,536,O
60518S,ANR,8/20/2012 9:35,ANR,,,,-,200,6.41,6.5,-1282,-0.44,1282.44,0,18,O,200,order,12,537,S
60518S,ANR,8/21/2012 9:30,ANR,,,,-,-200,6.62,6.9,1324,-0.47,-1282.44,41.09,-56,LI;C,-200,order,12,538,S
60518S,ANR,8/21/2012 10:18,ANR,,,,-,-300,6.92,6.9,2076,-0.71,-1983.66,91.63,6,LI;C,-300,order,12,539,S
60518S,ANR,8/22/2012 10:30,ANR,,,,-,-300,7.22,7.12,2166,-0.71,-2103.66,61.63,30,LI;C,-300,order,12,540,S
60518S,ARNA,8/22/2012 12:20,ARNA,,,,-,-200,8.62,8.67,1724,-0.36,-1576.3,147.34,-10,P;LI;C,-200,order,12,541,S
60518S,ANR,8/23/2012 9:58,ANR,,,,-,300,6.91,6.59,-2073,-0.66,2073.66,0,-96,O,300,order,12,542,S
60518S,ARNA,8/27/2012 12:11,ARNA,,,,-,-200,9.12,9.32,1824,-0.36,-1536.32,287.32,-40,P;LI;C,-200,order,12,543,S
60518S,ALXA,8/28/2012 14:02,ALXA,,,,-,-500,4.55,4.66,2275,-0.85,-2010.75,263.4,-55,C,-500,order,12,544,S
60518S,AAPL 22DEC12 660.0 C,8/29/2012 13:51,AAPL,2012-12-22 00:00:00,660.00,C,-,-1,50.74,49.960537,5074,-0.8,-5073.2,0,77.95,O,-1,order,12,545,O
60518S,AAPL 20OCT12 660.0 C,8/29/2012 13:51,AAPL,2012-10-20 00:00:00,660.00,C,-,1,35.74,34.975152,-3574,-0.69,1248.91,-2325.78,-76.48,LI;C,1,order,12,546,O
60518S,AAPL 22DEC12 660.0 C,8/29/2012 15:35,AAPL,2012-12-22 00:00:00,660.00,C,-,-2,49.96,49.960537,9992,-1,-9991,0,-0.11,O,-2,order,12,547,O
60518S,AAPL 17NOV12 660.0 C,8/29/2012 15:35,AAPL,2012-11-17 00:00:00,660.00,C,-,2,43.66,43.456414,-8732,-0.78,3738.24,-4994.54,-40.72,LI;C,2,order,12,548,O
60518S,AXL 19JAN13 12.5 C,9/5/2012 14:40,AXL,2013-01-19 00:00:00,12.50,C,-,-6,0.85,0.876159,510,-4.57,-505.43,0,-15.7,O,-6,order,12,549,O
60518S,ARNA,9/6/2012 11:14,ARNA,,,,-,200,8.61,8.7,-1722,-0.32,1722.32,0,18,O,200,order,12,550,S
60518S,LNKD 18JAN14 150.0 C,9/6/2012 13:11,LNKD,2014-01-18 00:00:00,150.00,C,-,-1,13.5,14.525152,1350,-0.34,-1349.66,0,-102.52,O,-1,order,12,551,O
60518S,LNKD 18JAN14 150.0 C,9/6/2012 13:29,LNKD,2014-01-18 00:00:00,150.00,C,-,-1,14,14.525152,1400,-0.34,-1399.66,0,-52.52,O,-1,order,12,552,O
60518S,ARNA,9/7/2012 9:44,ARNA,,,,-,200,8.61,8.6,-1722,-0.32,1722.32,0,-2,O,200,order,12,553,S
60518S,C 17NOV12 35.0 C,9/7/2012 14:34,C,2012-11-17 00:00:00,35.00,C,-,-4,0.83,0.844967,332,-3.04,-328.96,0,-5.99,O,-4,order,12,554,O
60518S,ANR,9/10/2012 9:52,ANR,,,,-,-300,7.27,6.92,2181,-0.71,-2073.66,106.63,105,LI;C,-300,order,12,555,S
60518S,ANR,9/10/2012 12:09,ANR,,,,-,300,7.11,6.92,-2133,-0.66,2133.66,0,-57,P;O,300,order,12,556,S
60518S,ANR,9/11/2012 10:07,ANR,,,,-,-300,7.28,7.45,2184,-0.71,-5478.92,0,-51,P;C,-300,order,12,557,S
60518S,C,9/11/2012 10:38,C,,,,-,-200,32.61,32.66,6522,-0.59,-6008.44,512.97,-10,P;C,-200,order,12,558,S
60518S,ANR,9/12/2012 10:28,ANR,,,,-,300,7.11,7.34,-2133,-0.66,2133.66,0,69,O,300,order,12,559,S
60518S,ARNA,9/12/2012 10:37,ARNA,,,,-,400,8.18,8.36,-3272,-0.64,3272.64,0,72,O,400,order,12,560,S
60518S,ARNA,9/12/2012 11:02,ARNA,,,,-,-200,8.36,8.36,1672,-0.36,-2224.61,0,0,C,-200,order,12,561,S
60518S,ARNA,9/12/2012 11:44,ARNA,,,,-,-200,8.62,8.36,1724,-0.36,-2224.22,0,52,C,-200,order,12,562,S
60518S,ANR,9/12/2012 14:04,ANR,,,,-,-300,7.32,7.34,2196,-0.71,-2133.66,61.63,-6,LI;C,-300,order,12,563,S
60518S,ARNA,9/12/2012 15:06,ARNA,,,,-,200,8.35,8.36,-1670,-0.32,1670.32,0,2,P;O,200,order,12,564,S
60518S,C,9/12/2012 16:00,C,,,,-,-200,33.66,33.05,6732,-0.47,-5922.44,809.09,122,SL;C,-200,order,12,565,S
60518S,ANR,9/13/2012 11:19,ANR,,,,-,-200,7.66,8.23,1532,-0.35,-3619.18,-2087.53,-114,LI;C,-200,order,12,566,S
60518S,ANR,9/14/2012 9:35,ANR,,,,-,-200,8.66,8.55,1732,-0.36,-2560.33,-828.69,22,LI;C,-200,order,12,567,S
60518S,ANR,9/17/2012 9:30,ANR,,,,-,200,8.19,8.08,-1638,-0.84,1638.84,2087.53,-22,O,200,order,12,568,S
60518S,ARNA,9/17/2012 15:45,ARNA,,,,-,-200,8.62,8.62,1724,-0.36,-2224.22,0,0,P;C,-200,order,12,569,S
60518S,ARNA,9/18/2012 14:29,ARNA,,,,-,-200,9.28,9.26,1856,-0.36,-1670.32,185.32,4,LI;C,-200,order,12,570,S
60518S,ARNA,9/24/2012 15:26,ARNA,,,,-,200,8.51,8.43,-1702,-0.32,1702.32,0,-16,O,200,order,12,571,S
60518S,ALXA,10/5/2012 10:52,ALXA,,,,-,-500,5.22,5.55,2610,-0.86,-2010.75,598.39,-165,C,-500,order,12,572,S
60518S,ALXA 17NOV12 5.0 P,10/5/2012 11:43,ALXA,2012-11-17 00:00:00,5.00,P,-,-5,0.7,0.762668,350,-0.05,-349.95,0,-31.33,O,-5,order,12,573,O
60518S,ALXA 19JAN13 5.0 P,10/5/2012 12:12,ALXA,2013-01-19 00:00:00,5.00,P,-,-3,1.65,1.629701,495,-2.29,-492.71,0,6.09,O,-3,order,12,574,O
60518S,C 19JAN13 40.0 P,10/5/2012 12:41,C,2013-01-19 00:00:00,40.00,P,-,2,5.45,5.924738,-1090,-1.52,1149.06,57.54,94.95,LI;C,2,order,12,575,O
60518S,AXL 19JAN13 12.5 C,10/5/2012 13:59,AXL,2013-01-19 00:00:00,12.50,C,-,-2,1.3,1.176193,260,-1.52,-258.48,0,24.76,O,-2,order,12,576,O
60518S,C 19JAN13 35.0 P,10/5/2012 14:10,C,2013-01-19 00:00:00,35.00,P,-,-2,2.49,2.516171,498,-1.53,-496.47,0,-5.23,O,-2,order,12,577,O
60518S,ARNA,10/10/2012 13:27,ARNA,,,,-,-200,9.28,9.3,1856,-0.36,-2275.29,0,-4,P;SL;C,-200,order,12,578,S
60518S,C 19JAN13 40.0 P,10/11/2012 10:24,C,2013-01-19 00:00:00,40.00,P,-,2,4.9,5.27502,-980,-1.52,1149.06,167.54,75,LI;C,2,order,12,579,O
60518S,AAPL 17NOV12 665.0 C,10/11/2012 13:54,AAPL,2012-11-17 00:00:00,665.00,C,-,1,13.75,12.497152,-1375,-0.68,1718.9,343.22,-125.28,LI;C,1,order,12,580,O
60518S,AAPL 22DEC12 660.0 C,10/11/2012 14:45,AAPL,2012-12-22 00:00:00,660.00,C,-,3,22.55,21.224844,-6765,-2.28,15064.19,8296.92,-397.55,LI;C,3,order,12,581,O
60518S,C 19JAN13 40.0 P,10/15/2012 15:06,C,2013-01-19 00:00:00,40.00,P,-,2,4.6,4.362974,-920,-1.52,1149.06,227.54,-47.41,LI;C,2,order,12,582,O
60518S,ANR,10/16/2012 8:04,ANR,,,,-,-200,8.66,8.55,1732,-0.36,-3726.37,-1994.73,22,P;LI;C,-200,order,12,583,S
60518S,ANR,10/16/2012 9:30,ANR,,,,-,200,8.51,8.55,-1702,-0.84,1702.84,1994.73,8,O,200,order,12,584,S
60518S,ANR,10/16/2012 9:32,ANR,,,,-,-200,8.68,8.55,1736,-0.36,-3697.57,-1961.93,26,LI;C,-200,order,12,585,S
60518S,ANR,10/16/2012 9:34,ANR,,,,-,200,8.57,8.55,-1714,-0.44,1714.44,1961.93,-4,O,200,order,12,586,S
60518S,ANR,10/16/2012 9:46,ANR,,,,-,-200,8.68,8.55,1736,-0.36,-3676.37,-1940.73,26,LI;C,-200,order,12,587,S
60518S,ANR,10/16/2012 10:45,ANR,,,,-,200,8.59,8.55,-1718,-0.44,1718.44,1940.73,-8,O,200,order,12,588,S
60518S,ARNA,10/17/2012 9:42,ARNA,,,,-,-200,9.72,9.99,1944,-0.36,-2222.9,0,-54,SL;C,-200,order,12,589,S
60518S,ANR,10/17/2012 11:42,ANR,,,,-,-200,8.68,9.26,1736,-0.48,-3659.17,-1923.65,-116,LI;C,-200,order,12,590,S
60518S,AFL 19JAN13 55.0 C,10/17/2012 12:43,AFL,2013-01-19 00:00:00,55.00,C,-,-3,0.45,0.469765,135,-2.28,-132.72,0,-5.93,O,-3,order,12,591,O
60518S,ANAC,10/17/2012 16:01,ANAC,,,,-,800,6.25,6.46,-5000,-0.96,5000.96,0,168,O,800,order,12,592,S
60518S,ANR,10/18/2012 10:01,ANR,,,,-,-200,9.66,9.15,1932,-0.48,-3652.61,-1721.1,102,C,-200,order,12,593,S
60518S,ANR,10/18/2012 10:10,ANR,,,,-,200,9.57,9.15,-1914,-0.32,1914.32,1923.65,-84,O,200,order,12,594,S
60518S,BTH,10/18/2012 14:55,BTH,,,,-,198,25.75,25.89,-5098.5,-0.44,5098.94,0,27.72,P;O,198,order,12,595,S
60518S,ARNA,10/19/2012 9:38,ARNA,,,,-,200,9.45,9.19,-1890,-0.32,1890.32,0,-52,P;O,200,order,12,596,S
60518S,APP,10/19/2012 11:08,APP,,,,-,2000,1.11,1.06,-2220,-3.21,2223.21,0,-100,P;O,2000,order,12,597,S
60518S,AAPL 22DEC12 665.0 C,10/19/2012 15:00,AAPL,2012-12-22 00:00:00,665.00,C,-,-1,15.08,14.536501,1508,-1.09,-1506.91,0,54.35,O,-1,order,12,598,O
60518S,AAPL,10/19/2012 15:00,AAPL,,,,-,100,614.54,609.84,-61454,-0.82,61454.82,0,-470,O,100,order,12,599,S
60518S,BRCD 20APR13 5.0 P,10/22/2012 15:01,BRCD,2013-04-20 00:00:00,5.00,P,-,-3,0.4,0.369082,120,-2.28,-117.72,0,9.28,P;O,-3,order,12,600,O
60518S,ALXA,10/23/2012 9:44,ALXA,,,,-,300,5.15,5.18,-1545,-0.48,1545.48,0,9,O,300,order,12,601,S
60518S,AMZN 18JAN14 300.0 C,10/25/2012 14:30,AMZN,2014-01-18 00:00:00,300.00,C,-,-2,13.2,13.057495,2640,-0.82,-2639.18,0,28.5,O,-2,order,12,602,O
60518S,CALX,10/26/2012 13:25,CALX,,,,-,-200,6.82,6.85,1364,-0.47,-1530.44,-166.91,-6,P;C,-200,order,12,603,S
60518S,CALX,11/1/2012 14:08,CALX,,,,-,-200,7.02,7,1404,-0.47,-1530.44,-126.91,4,P;C,-200,order,12,604,S
60518S,CARB,11/6/2012 10:35,CARB,,,,-,400,9.45,9.09,-3780,-0.64,3780.64,0,-144,P;O,400,order,12,605,S
60518S,ANR,11/6/2012 13:44,ANR,,,,-,-200,9.78,9.62,1956,-0.48,-3837.97,-1882.46,32,LI;C,-200,order,12,606,S
60518S,LNKD 18JAN14 150.0 C,11/7/2012 11:46,LNKD,2014-01-18 00:00:00,150.00,C,-,1,6.7,6.461324,-670,-0.26,1399.66,729.4,-23.87,LI;C,1,order,12,607,O
60518S,LNKD 18JAN14 150.0 C,11/7/2012 13:19,LNKD,2014-01-18 00:00:00,150.00,C,-,1,6.5,6.461324,-650,-0.26,1349.66,699.4,-3.87,LI;C,1,order,12,608,O
60518S,LNKD,11/8/2012 12:15,LNKD,,,,-,100,98.51,96.35,-9851,-0.51,8974.58,-876.93,-216,MSL;C,100,order,12,609,S
60518S,LNKD,11/8/2012 14:51,LNKD,,,,-,100,96.51,96.35,-9651,-0.51,8988.2,-663.31,-16,MSL;C,100,order,12,610,S
60518S,LNKD,11/9/2012 8:07,LNKD,,,,-,100,95.56,95.62,-9556,-0.51,8993.87,-562.64,6,MSL;C,100,order,12,611,S
60518S,LNKD 18JAN14 125.0 C,11/9/2012 10:32,LNKD,2014-01-18 00:00:00,125.00,C,-,-1,9.6,10.186247,960,-0.5,-959.5,0,-58.62,O,-1,order,12,612,O
60518S,LNKD 18JAN14 125.0 C,11/9/2012 11:10,LNKD,2014-01-18 00:00:00,125.00,C,-,-1,11,10.186247,1100,-0.28,-1099.72,0,81.38,O,-1,order,12,613,O
60518S,C 17NOV12 35.0 C,11/15/2012 10:35,C,2012-11-17 00:00:00,35.00,C,-,2,0.7,0.451554,-140,-1.52,164.48,22.96,-49.69,LI;C,2,order,12,614,O
60518S,C 17NOV12 35.0 C,11/15/2012 11:27,C,2012-11-17 00:00:00,35.00,C,-,2,0.58,0.451554,-116,-2.02,164.48,46.46,-25.69,LI;C,2,order,12,615,O
60518S,LNKD,11/16/2012 12:02,LNKD,,,,-,-100,103.8,103.13,10380,-0.8,-10379.2,876.93,67,O,-100,order,12,616,S
60518S,ALXA 17NOV12 5.0 P,11/16/2012 16:20,ALXA,2012-11-17 00:00:00,5.00,P,-,5,0,0.88,0,0,349.95,0,440,A;C,5,order,12,617,O
60518S,AAPL 17NOV12 720.0 C,11/16/2012 16:20,AAPL,2012-11-17 00:00:00,720.00,C,-,1,0,0,0,0,1024.36,1024.36,0,Ep;C,1,order,12,618,O
60518S,ALXA,11/16/2012 16:20,ALXA,,,,-,500,5,4.12,-2500,0,2500,0,-440,A;O,500,order,12,619,S
60518S,ALXA,11/23/2012 10:20,ALXA,,,,-,-300,5.29,5.42,1587,-0.52,-1545.48,41,-39,SL;C,-300,order,12,620,S
60518S,AAPL 22DEC12 665.0 C,11/26/2012 10:49,AAPL,2012-12-22 00:00:00,665.00,C,-,-2,0.92,1.404581,184,-1.52,-182.48,0,-96.92,O,-2,order,12,621,O
60518S,AMZN 22DEC12 260.0 C,11/29/2012 15:40,AMZN,2012-12-22 00:00:00,260.00,C,-,-2,3.09,2.920124,618,-0.77,-617.23,0,33.98,P;O,-2,order,12,622,O
60518S,CADX,11/30/2012 10:26,CADX,,,,-,-300,4.56,4.26,1368,-0.51,-2819.33,-1451.84,90,MSL;C,-300,order,12,623,S
60518S,ALXA,11/30/2012 10:47,ALXA,,,,-,-100,5.62,5.5,562,-0.52,-430.01,131.47,12,LI;C,-100,order,12,624,S
60518S,ALXA,11/30/2012 10:49,ALXA,,,,-,100,5.52,5.5,-552,-0.51,552.51,0,-2,O,100,order,12,625,S
60518S,ALXA,11/30/2012 12:12,ALXA,,,,-,-200,5.62,5.5,1124,-0.35,-982.52,141.13,24,LI;C,-200,order,12,626,S
60518S,CADX 18MAY13 4.0 P,11/30/2012 12:40,CADX,2013-05-18 00:00:00,4.00,P,-,-3,0.55,0.584537,165,0.12,-165.12,0,-10.36,O,-3,order,12,627,O
60518S,ALXA,11/30/2012 13:14,ALXA,,,,-,200,5.51,5.5,-1102,-0.32,1102.32,0,-2,O,200,order,12,628,S
60518S,ALXA,12/3/2012 9:58,ALXA,,,,-,-200,5.63,5.47,1126,-0.35,-1102.32,23.33,32,LI;C,-200,order,12,629,S
60518S,ALXA,12/3/2012 10:09,ALXA,,,,-,200,5.51,5.47,-1102,-0.32,1102.32,0,-8,O,200,order,12,630,S
60518S,CADX,12/3/2012 15:08,CADX,,,,-,300,4.19,4.17,-1257,-0.48,1257.48,1451.84,-6,O,300,order,12,631,S
60518S,AMZN 22DEC12 260.0 C,12/5/2012 10:29,AMZN,2012-12-22 00:00:00,260.00,C,-,2,2.55,3.237942,-510,-0.76,617.23,106.47,137.59,LI;C,2,order,12,632,O
60518S,C 19JAN13 40.0 C,12/5/2012 13:09,C,2013-01-19 00:00:00,40.00,C,-,-2,0.42,0.477838,84,-1.52,-82.48,0,-11.57,O,-2,order,12,633,O
60518S,BAC 19JAN13 12.5 P,12/7/2012 12:51,BAC,2013-01-19 00:00:00,12.50,P,-,4,1.95,1.912358,-780,-3.04,790.58,7.54,-15.06,LI;C,4,order,12,634,O
60518S,BAC 19JAN13 12.5 P,12/7/2012 13:56,BAC,2013-01-19 00:00:00,12.50,P,-,4,1.94,1.912358,-776,-3.38,790.58,11.2,-11.06,LI;C,4,order,12,635,O
60518S,BAC 19JAN13 12.5 P,12/7/2012 15:42,BAC,2013-01-19 00:00:00,12.50,P,-,4,1.9,1.912358,-760,-3.04,790.58,27.54,4.94,LI;C,4,order,12,636,O
60518S,LNKD 18JAN14 150.0 C,12/11/2012 15:37,LNKD,2014-01-18 00:00:00,150.00,C,-,-2,8.3,8.070591,1660,-1.56,-1658.44,0,45.88,P;O,-2,order,12,637,O
60518S,CADX,12/12/2012 9:23,CADX,,,,-,-100,4.52,4.5,452,-1.03,-899.13,-448.16,2,LI;C,-100,order,12,638,S
60518S,CADX,12/13/2012 19:15,CADX,,,,-,-200,4.52,4.44,904,-0.34,-1810.19,-906.53,16,LI;C,-200,order,12,639,S
60518S,CADX,12/14/2012 9:30,CADX,,,,-,-300,4.68,4.75,1404,-0.51,-2761.34,-1357.85,-21,LI;C,-300,order,12,640,S
60518S,CADX,12/14/2012 10:22,CADX,,,,-,-400,4.74,4.75,1896,-0.68,-3743.19,-1847.87,-4,P;LI;C,-400,order,12,641,S
60518S,C,12/17/2012 16:50,C,,,,-,-200,39.09,39.15,7818,-0.42,-6008.44,1809.14,-12,C,-200,order,12,642,S
60518S,ATML 19JAN13 12.5 P,12/18/2012 14:05,ATML,2013-01-19 00:00:00,12.50,P,-,10,6.7,6.430365,-6700,-1.81,2892.86,-3808.96,-269.64,LI;C,10,order,12,643,O
60518S,ANR,12/19/2012 9:35,ANR,,,,-,-200,10.16,9.53,2032,-1.29,-3652.61,-1621.9,126,C,-200,order,12,644,S
60518S,CALX,12/19/2012 11:41,CALX,,,,-,-200,7.72,7.66,1544,-0.28,-1530.44,13.28,12,C,-200,order,12,645,S
60518S,ATML 19JAN13 12.5 P,12/20/2012 14:16,ATML,2013-01-19 00:00:00,12.50,P,-,10,6.35,6.280134,-6350,0.39,2892.86,-3456.76,-69.87,LI;C,10,order,12,646,O
60518S,ATML 19JAN13 12.5 P,12/21/2012 10:14,ATML,2013-01-19 00:00:00,12.50,P,-,10,6.3,6.272878,-6300,-7.61,2892.86,-3414.76,-27.12,LI;C,10,order,12,647,O
60518S,AMD 19JAN13 7.5 P,12/21/2012 10:15,AMD,2013-01-19 00:00:00,7.50,P,-,10,5.15,4.91279,-5150,-7.61,1406.46,-3751.16,-237.21,LI;C,10,order,12,648,O
60518S,AMSC 19JAN13 8.0 P,12/21/2012 13:41,AMSC,2013-01-19 00:00:00,8.00,P,-,7,5.3,5.140557,-3710,0.27,1730.54,-1979.19,-111.61,LI;C,7,order,12,649,O
60518S,AMD 19JAN13 7.5 P,12/21/2012 14:06,AMD,2013-01-19 00:00:00,7.50,P,-,10,5.1,4.91279,-5100,-7.61,1315.36,-3792.26,-187.21,LI;C,10,order,12,650,O
60518S,AMSC 19JAN13 8.0 P,12/21/2012 15:55,AMSC,2013-01-19 00:00:00,8.00,P,-,5,5.25,5.140557,-2625,0.19,1222.39,-1402.42,-54.72,LI;C,5,order,12,651,O
60518S,AAPL 22DEC12 665.0 C,12/21/2012 16:20,AAPL,2012-12-22 00:00:00,665.00,C,-,3,0,0,0,0,1689.38,1689.38,0,Ep;C,3,order,12,652,O
60518S,AAPL,12/31/2012 17:18,AAPL,,,,-,-400,532.7,532.1729,213080,-5.41,-163241.3,49833.28,210.84,P;C,-400,order,12,653,S
